question-label,6a,,,,,,,,6b,6c,6d,6e,,,,,,,,,
question-label-or-answer-option,Africa,Asia,Oceania,Europe,North America,Central America,South America,Other,Do you have a disability?,What is your current gender identity?,Do you consider yourself to be: (choose one),Other,American Indian or Alaska Native,Asian,Black or African American,"Hispanic, Latino, or Spanish origin",Middle Eastern or North African,Pacific Islander,White,"Some other race, ethnicity, or origin",Prefer not the answer
,,,,,North America,,,,0,Male,Heterosexual or straight,,,,,,,,White,,
,,,,,North America,,,,0,Male,Heterosexual or straight,,,,,,,,White,,
,,,,,North America,,,,0,Male,Heterosexual or straight,,,,,,,,White,,
,,,,,North America,,,,0,Male,LBGTQIA+,,,,,,,,White,,
,,,,Europe,,,,,0,Man,Heterosexual or straight,,,,Black or African American,,,,,,
,,,,Europe,,,,,0,Male,Heterosexual or straight,,,,,,,,White,,
,,,,,North America,,,,0,,,,,,,,,,,,
,,,,Europe,,,,,0,Male,Heterosexual or straight,,,,,,,,White,,
,,,,,North America,,,,0,Male,Heterosexual or straight,,,,,,,,White,,
,,,,Europe,,,,,0,male,Heterosexual or straight,,,,,,,,White,,
,,,,,North America,,,,0,male,Heterosexual or straight,,,,,,,,White,,
,,,,,North America,,,,0,Male,Heterosexual or straight,,,,,,,,White,,
,,,,,North America,,,,0,Male,Heterosexual or straight,,,,,,,,White,,
,,,,,North America,,,,0,,Heterosexual or straight,,,,,,,,White,,
,,,,,North America,,,,0,,Heterosexual or straight,,,,,,,,White,,
,,,,,North America,,,,0,male,Heterosexual or straight,,,Asian,,,,,,,
,,,,,North America,,,,0,Female,Prefer not to answer,,,,,,,,,,Prefer not the answer
,,,,Europe,,,,,0,Male,Heterosexual or straight,,,,,,,,White,,
,,,,Europe,,,,,0,male,Heterosexual or straight,,,,,,,,White,,
,,,,Europe,,,,,0,male,Heterosexual or straight,,,,,,,,White,,
,,,,,North America,,,,0,Male,Heterosexual or straight,,,,,,,,White,,
,,,,,North America,,,,0,Progressive SJW,Heterosexual or straight,,American Indian or Alaska Native,Asian,Black or African American,"Hispanic, Latino, or Spanish origin",Middle Eastern or North African,Pacific Islander,White,"Some other race, ethnicity, or origin",Prefer not the answer
,,,,Europe,,,,,0,??,Heterosexual or straight,,,,,"Hispanic, Latino, or Spanish origin",,,,,
,,,,,North America,,,,1,Female,Prefer not to answer,,,,,,,,,,Prefer not the answer
,,,,,,,South America,,0,Male,Heterosexual or straight,,,,,,,,White,,
,,,,,North America,,,,0,Male,Heterosexual or straight,,,,,"Hispanic, Latino, or Spanish origin",,,,,
,,,,,,,South America,,0,male,Prefer not to answer,,,,,,,,,,Prefer not the answer
,,,,Europe,,,,,0,Male,Heterosexual or straight,,,,,,,,White,,
,,,,,North America,,,,0,male,Heterosexual or straight,,,Asian,,,,,,,
,,,,,North America,,,,0,Male,Heterosexual or straight,,,,,,,,White,,
,,,,Europe,,,,,0,Female,Heterosexual or straight,,,,,,,,White,,
,,,,,North America,,,,0,Male,Heterosexual or straight,,,,,,,,White,,
,,,,Europe,,,,,0,,,,,,,,,,,,Prefer not the answer
,,,,Europe,,,,,0,Male,Heterosexual or straight,,,,,,,,White,,
,,,,Europe,North America,,,,0,Mail,Heterosexual or straight,,,,,,,,White,,
,,Asia,,,,,,,0,Female :D,Heterosexual or straight,,,Asian,,,,,,,
,,,,Europe,,,,,0,Male,Heterosexual or straight,,,,,,,,White,,
,,Asia,,,North America,,,,0,Male,Heterosexual or straight,,,Asian,,,,,,,
,,,,Europe,,,,,0,Male,Heterosexual or straight,,,,,,,,White,,
,,,,,North America,,,,0,Male,Heterosexual or straight,,,,,,,,White,,
,Africa,,,,,,,,0,Male,Heterosexual or straight,,,,Black or African American,,,,,,
,,,Oceania,,,,,,0,Male,LBGTQIA+,,,,,,,,White,,
,,,,,,,,,,,,,,,,,,,,,
,,,,Europe,,,,,0,male,Heterosexual or straight,,,,,,,,White,,
,,,,,North America,,,,0,Male,,Gay,,,,,,,White,,
,,,,,North America,,,,0,Apache helicopter,Heterosexual or straight,,,,,,,,White,,
,,,,Europe,,,,,0,Male,Heterosexual or straight,,,,,,,,White,,
,,,,,North America,,,,0,,Heterosexual or straight,,,,,"Hispanic, Latino, or Spanish origin",,,,,
,,,,,North America,,,,0,Male,Heterosexual or straight,,,,,,,,White,,
,,,,,North America,,,,0,Male,Heterosexual or straight,,,,,,,,White,,
,,,,,,,,,,,,,,,,,,,,,
,,Asia,,,North America,,,,0,Male,Heterosexual or straight,,,Asian,,,,,,"Some other race, ethnicity, or origin",
,,,,,North America,,,,0,male,Heterosexual or straight,,,,,"Hispanic, Latino, or Spanish origin",,,,,
,,,,Europe,,,,,0,,Heterosexual or straight,,,,,,,,White,,
,,,,,,,South America,,0,Male,Heterosexual or straight,,,,,,,,,,Prefer not the answer
,,,,,North America,,,,0,Male,Heterosexual or straight,,,,,,,,White,,
,,,,Europe,,,,,0,male,Heterosexual or straight,,,,,,,,White,,
,,,,,North America,,,,0,Male,Heterosexual or straight,,,,,,,,White,,
,,,,Europe,,,,,0,Male,Heterosexual or straight,,,,,,,,White,,
,,,,,North America,,,,0,,Heterosexual or straight,,,,,,,,White,,
,,,,,North America,,,,0,Male,Heterosexual or straight,,,,,,,,White,,
,,,,Europe,,,,,0,Man,Prefer not to answer,,,,,,,,,,Prefer not the answer
,,,,,North America,,,,0,Male,Heterosexual or straight,,,,,,,,White,,
,,Asia,,,,,,,0,Male,Prefer not to answer,,,Asian,,,,,,,
,,,,,North America,,South America,,0,Male,Heterosexual or straight,,,,,"Hispanic, Latino, or Spanish origin",,,,,
,,,,Europe,,,,,0,male,Heterosexual or straight,,,,,,,,White,,
,,,,,North America,,,,0,Male,Heterosexual or straight,,,,,,,,White,,
,,,,,North America,,,,0,,Prefer not to answer,,,,,,,,,,Prefer not the answer
,,,,,North America,,,,0,Male,Heterosexual or straight,,,,,,,,White,,
,,,,Europe,,,,,0,M,Heterosexual or straight,,,,,,,,White,,
,,,,,North America,,,,0,Male,Heterosexual or straight,,,Asian,,,,,,,
,,,,Europe,,,,,0,male,Heterosexual or straight,,,,,,,,White,,
,,,,,North America,,,,0,male,Heterosexual or straight,,,,,,,,White,,
,,,,,,,,,,,,,,,,,,,,,
,,,Oceania,,,,,,0,Male,Heterosexual or straight,,,,,,,,White,,
,,,,,North America,,,,0,Male,Heterosexual or straight,,,,,,,,White,,
,,,,Europe,,,,,0,male,Heterosexual or straight,,,,,,,,White,,
,,,,,North America,,,,0,,Heterosexual or straight,,,Asian,,,,,,,
,,,,,North America,,,,0,Male,Heterosexual or straight,,,,,"Hispanic, Latino, or Spanish origin",,,,,
,,,,Europe,,,,,0,Male,Heterosexual or straight,,,,,,,,White,,
,Africa,,,,,,,,0,Male,Heterosexual or straight,,,,,,,,White,,
,,,,Europe,,,,,0,Male,Heterosexual or straight,,,,,,,,White,,
,,,,,North America,,,,0,Male,Heterosexual or straight,,,,,,,,White,,
,,,,,North America,,,,0,Female,Prefer not to answer,,,,Black or African American,,,,White,,
,,,,Europe,,,,,0,Male,Heterosexual or straight,,,,,,,,White,,
,,,,,North America,,,,0,Male,Heterosexual or straight,,,,,"Hispanic, Latino, or Spanish origin",,,,,
,,,,,North America,,,,0,Male,Heterosexual or straight,,,,,,,,White,,
,,,,Europe,,,,,0,,Heterosexual or straight,,,,,,,,White,,
,,,,,North America,,,,0,Male,Heterosexual or straight,,,,,,,,White,,
,,,,Europe,,,,,0,Male,Heterosexual or straight,,,,,,,,White,,
,,,,Europe,,,,,0,"Male, He/His",Heterosexual or straight,,,,,,,,White,,
,,,,Europe,,,,,0,Man,Heterosexual or straight,,,,,,,,White,,
,,,,,,,,,,,,,,,,,,,,,
,,,,Europe,,,,,0,seriously.....,Prefer not to answer,,,,,,,,,,Prefer not the answer
,,,,,,,South America,,0,Male,Heterosexual or straight,,,,,,,,White,,
,,,,,North America,,,,0,male,Heterosexual or straight,,,,Black or African American,,,,,,
,,,,,North America,,,,0,Male,Heterosexual or straight,,,,,,,,White,,
,,,,Europe,,,,,0,Male,Heterosexual or straight,,,,,,,,White,,
,,,,,North America,,,,0,Male,Heterosexual or straight,,,,,,,,White,,
,,,,Europe,,,,,0,male,Heterosexual or straight,,,,,,,,White,,
,,,,Europe,,,,,0,male,Heterosexual or straight,,,,,,,,White,,
,,,,Europe,,,,,0,Male,Heterosexual or straight,,,,,,,,White,,
,,,,Europe,,,,,0,Male,Heterosexual or straight,,,,,,,,White,,
,,Asia,,,,,,,0,Male,Heterosexual or straight,,,Asian,,,,,,,
,,,,,North America,,,,0,Male,Heterosexual or straight,,,,,,,,White,,
,,,Oceania,,,,,,0,Male,,Why is this important?!,,,,,,,White,,
,,,,,North America,,,,0,Male if you must ask,Heterosexual or straight,,,,,,,,,,Prefer not the answer
,,,,,North America,Central America,,,0,male,Heterosexual or straight,,,Asian,,,,,,,
,,,,,,,South America,,0,Male,Heterosexual or straight,,,,,"Hispanic, Latino, or Spanish origin",,,,,
,,,,,North America,,,,0,Male,Heterosexual or straight,,,,,,,,White,,
,,,,,North America,,,,0,Male,LBGTQIA+,,,,,"Hispanic, Latino, or Spanish origin",Middle Eastern or North African,,,,
,,,,,,,South America,,0,male,Heterosexual or straight,,,,,"Hispanic, Latino, or Spanish origin",,,,,
,,,,,North America,,,,0,Male,Heterosexual or straight,,,,,,,,White,,
,,,,,North America,,,,0,Male,Heterosexual or straight,,,,,,,,White,,
,,,,,North America,,,,0,male,LBGTQIA+,,,,,,,,White,,
,,,,,,,,,,,,,,,,,,,,,
,,Asia,,,,,,,0,M,Heterosexual or straight,,,,,,,,White,,
,,,,,North America,,,,0,Male,Heterosexual or straight,,,,,,,,White,,
,,,,Europe,,,,,0,male,Heterosexual or straight,,,,,,,,White,,
,,,,Europe,,,,,0,Male,Heterosexual or straight,,,,,,,,White,,
,,,,Europe,,,,,0,What? I'm a man,Heterosexual or straight,,,,,,,,White,,
,,,,,North America,,,,0,male,Heterosexual or straight,,,,,"Hispanic, Latino, or Spanish origin",,,White,"Some other race, ethnicity, or origin",
,,,,Europe,,,,,0,Male,Heterosexual or straight,,,,,,,,White,,
,,,,,North America,,,,0,Male,Heterosexual or straight,,,,,,,,White,,
,,,,,North America,,,,0,,Heterosexual or straight,,,,,,,,White,,
,,,,,North America,,,,0,Male,,Why the hell would you ask this?,,,,,,,White,,
,,,,,North America,,,,0,Male,Heterosexual or straight,,,,,,,,White,,
,,,,,North America,,,,0,Male,Heterosexual or straight,,,Asian,,,,,,,
,,,,,North America,,,,0,Male,Heterosexual or straight,,,,,,,,White,,
,,,,Europe,,,,,0,Male,Heterosexual or straight,,,,,,,,White,,
,,,,,North America,,,,0,male,Heterosexual or straight,,,,,,,,White,,
,,,,Europe,,,,,0,Male,Heterosexual or straight,,,,,,,,White,"Some other race, ethnicity, or origin",
,,,,,North America,,,,0,n/a,Prefer not to answer,,,,,,,,,,Prefer not the answer
,,,,Europe,,,,,0,man,Heterosexual or straight,,,,,,,,White,,
,,,,,North America,,,,0,Male,Heterosexual or straight,,,,,"Hispanic, Latino, or Spanish origin",,,,,
,,,,Europe,,,,,0,Male,Heterosexual or straight,,,,,,,,White,,
,,,,Europe,,,,,0,Male,Heterosexual or straight,,,,,,,,White,,
,,,,Europe,,,,,0,Man,Heterosexual or straight,,,,,,,,White,,
,,,,,North America,,,,,male,Heterosexual or straight,,,,,,,,White,,
,,,,Europe,,,,,0,Male,Heterosexual or straight,,,,,,,,White,,
,,,,,North America,,,,0,male,Heterosexual or straight,,,Asian,,,,,,,
,,,,,North America,,,,0,Female,Heterosexual or straight,,,Asian,,,,,,,
,,,,,North America,,,,0,Male,Heterosexual or straight,,,,,,,,White,,
,,,,,North America,,,,0,Male,Heterosexual or straight,,,,,,,,White,,
,,,,,North America,,,,0,,Prefer not to answer,,,,,,,,,,Prefer not the answer
,,,,Europe,,,,Russia,0,Male,Heterosexual or straight,,,,,,,,White,,
,,,,,North America,,,,0,male,Heterosexual or straight,,,,,,,,White,,
,,,,,North America,,,,0,Male,Heterosexual or straight,,,,,,,,White,,
,,,,,North America,,,,0,Male,Heterosexual or straight,,,,,,,,White,,
,,,,Europe,,,,,1,male,Prefer not to answer,,,,,,,,,,Prefer not the answer
,,,,,,,,,,,,,,,,,,,,,
,,,,Europe,,,,,0,Male,Heterosexual or straight,,,,,,,,White,,
,,,,,North America,,,,0,,,,,,,,,,,,
,,,,Europe,,,,,0,male,Heterosexual or straight,,,,,,,,White,,
,,Asia,,,,,,,0,Male,Heterosexual or straight,,,,,,,,,"Some other race, ethnicity, or origin",
,,,,,North America,,,,0,Male,Heterosexual or straight,,,,,,,,White,,
,,,,,North America,,,,0,Male,Heterosexual or straight,,,,,,,,White,,
,,,,,North America,,,,0,Male,Heterosexual or straight,,,Asian,,,,,,,
,,,,,North America,,,,0,Male,Heterosexual or straight,,,,,"Hispanic, Latino, or Spanish origin",,,,,
,,,,,North America,,,,0,Male,Heterosexual or straight,,,,,,,,White,,
,,,,,North America,,,,0,Male,Heterosexual or straight,,,,,,,,White,,
,,,,,North America,,,,0,male,Heterosexual or straight,,,,,,,,White,,
,,,,Europe,,,,,0,Male,Heterosexual or straight,,,,,,,,White,,
,,,,,North America,,,,0,Male,,,,,,,,,White,,
,,,Oceania,,,,,,1,Male,LBGTQIA+,,,,,,,,White,,
,,,,,North America,,,,0,,Heterosexual or straight,,,Asian,,,,,,,
,,,,,North America,,,,0,man,Heterosexual or straight,,,,,,,,White,,
,,,Oceania,,North America,,,,0,male,Prefer not to answer,,,,,,,,White,,
,,,,Europe,,,,,0,Male,Heterosexual or straight,,,,,"Hispanic, Latino, or Spanish origin",,,,,
,,,,,North America,,,,0,Male,Prefer not to answer,,,,,,,,,,Prefer not the answer
,,,,Europe,,,,,0,Male,Heterosexual or straight,,,,,,,,White,,
,,Asia,,,North America,,,,0,M,Heterosexual or straight,,,Asian,,,,,,,
,,,,,North America,,,,0,Male,Heterosexual or straight,,,,,,,,White,,
,,,,,North America,,,,0,Male,Heterosexual or straight,,,,,,,,White,,
,,,,,,,South America,,0,Male,Heterosexual or straight,,,,,"Hispanic, Latino, or Spanish origin",,,,,
,,,,,North America,,,,0,,,,,,,,,,,,
,,,,,North America,,,,0,,Heterosexual or straight,,,,,"Hispanic, Latino, or Spanish origin",,,,,
,,,,,,,,Middle East (Israel),0,male,Heterosexual or straight,,,,,,,,White,,
,,,,,North America,,,,0,Male,Heterosexual or straight,,,,,,,,White,,
,,,,,North America,,,,0,male,Heterosexual or straight,,,,,,,,White,,
,,,,,North America,,,,0,man,LBGTQIA+,,,,,,,,White,,
,,,,,North America,,,,0,non-binary transmasculine,LBGTQIA+,,,,,,,,White,,
,,,,Europe,,,,,0,Male-Dolphin(?),Heterosexual or straight,,,,,,,,White,,
,,,,Europe,,,,,0,Male,Heterosexual or straight,,,,,,,,White,,
,,,,,North America,,,,0,Male,Heterosexual or straight,,,,,,,,White,,
,,,,,North America,,,,0,Male,Heterosexual or straight,,,Asian,,,,,,,
,,,,Europe,,,,,0,Male,Heterosexual or straight,,,,,,,,White,,
,,,Oceania,,,,,,0,Male,Heterosexual or straight,,,,,"Hispanic, Latino, or Spanish origin",,,White,,
,,,,,North America,,,,0,Male,Heterosexual or straight,,,,,,,,White,,
,,,,,North America,,,,,Male,Heterosexual or straight,,,,,"Hispanic, Latino, or Spanish origin",,,,,
,,,,,,,South America,,0,Male,Heterosexual or straight,,,,,"Hispanic, Latino, or Spanish origin",,,,,
,,,,,North America,,,,0,Female,Heterosexual or straight,,,,,,,,White,,
,,,,Europe,,,,,0,male,Heterosexual or straight,,,,,,,,White,,
,,,,,North America,,,,0,,,,,,,,,,,,
,,,,,North America,,,,0,Male,Heterosexual or straight,,,,,,,,White,,
,,Asia,,,,,,,0,Male,Heterosexual or straight,,,Asian,,,,,,,
,,,Oceania,,,,,,0,A man with penis 💪,Heterosexual or straight,,,,,,,,White,,
,,,Oceania,,,,,,0,Female,Heterosexual or straight,,,,,,,,White,,
,,,,,North America,,,,0,male,Heterosexual or straight,,,,,,,,White,,
,,,,Europe,,,,,0,Male,Heterosexual or straight,,,,,,,,White,,
,,,,,North America,,,,0,male,Heterosexual or straight,,,,,,,,White,,
,,,,,North America,,,,0,Male,Heterosexual or straight,,,,,,,,White,,
,,,,,North America,,,,0,Male,Heterosexual or straight,,,,,,,,White,,
,,,,,North America,,,,0,male,Heterosexual or straight,,,,,,,,White,,
,,,,,North America,,,,0,Male,Heterosexual or straight,,,,,,,,White,,
,,,,Europe,,,,,0,Male,Heterosexual or straight,,,,,,,,White,,
,,,,,North America,,,,0,male,Heterosexual or straight,,,,,,,,White,,
,,,,,North America,,,,0,Male,Heterosexual or straight,,,,,,,,White,,
,,,,Europe,,,,,0,Male,Heterosexual or straight,,,,,,,,White,,
,,Asia,,,,,,,0,,,,,Asian,,,,,,,
,,,,Europe,,,,,,male,Heterosexual or straight,,,,,"Hispanic, Latino, or Spanish origin",,,White,,
,,,,,North America,,,,0,male,Heterosexual or straight,,,Asian,,,,,,,
,,,,,North America,,,,0,,Heterosexual or straight,,,,,,,,White,,
,,,,Europe,,,,,0,Male,Heterosexual or straight,,,,,,,,White,,
,,,,,North America,,,,0,,Heterosexual or straight,,,,,,,,White,,
,,,,,North America,,,,0,,,,,,,,,,White,,
,,,,,North America,,,,0,Male,Heterosexual or straight,,,,,,,,White,,
,,,,,North America,,,,0,Male,Prefer not to answer,,,,,,,,,,Prefer not the answer
,,,,,North America,,,,0,,,,,,,,,,,,
,,,,Europe,,,,,0,Male,LBGTQIA+,,,,,,,,,"Some other race, ethnicity, or origin",
,,,,Europe,,,,,0,male,Heterosexual or straight,,,,,,,,White,,
,,,,,North America,,,,0,male,Heterosexual or straight,,,,,,,,White,,
,,,,,North America,,,,0,Male,Heterosexual or straight,,,,,,,,White,,
,,Asia,,,,,,,0,,Prefer not to answer,,,Asian,,,,,,,
,,,,,North America,,,,0,Male,Heterosexual or straight,,,,,,,,White,,
,,,Oceania,,,,,,0,,Heterosexual or straight,,,Asian,,,,,,,
,,Asia,,,,,,,0,Female,Prefer not to answer,,,Asian,,,,,,,
,,Asia,,,,,,,0,,Heterosexual or straight,,,,,,,,,,Prefer not the answer
,,,,,North America,,,,0,Male,Heterosexual or straight,,,,,,,,,,
,,,Oceania,,,,,,0,Male,LBGTQIA+,,,,,,,,White,,
,,,,,North America,,,,1,Female,LBGTQIA+,,,,,,,,White,,
,,,,Europe,,,,,0,Male,Heterosexual or straight,,,,,,,,White,,
,,,,,North America,,,,0,,Heterosexual or straight,,,,,,,,White,,
,,,,,North America,,,,0,Male,Heterosexual or straight,,,,,,,,White,,
,,,,,,,,,,,,,,,,,,,,,
,,,,Europe,,,,,0,Male,Heterosexual or straight,,,,,,,,White,,
,,,,,North America,,,,0,,Prefer not to answer,,,,,,,,White,,
,,,,,North America,,,,0,Male,Heterosexual or straight,,,,Black or African American,,,,,,
,,,,Europe,,,,,,Female,Heterosexual or straight,,,,,,,,White,,
,,,,,North America,,,,0,male,Heterosexual or straight,,,,,,,,White,,
,,,Oceania,,,,,,0,Male,Heterosexual or straight,,,,,,,,White,,
,,,,,North America,,,,0,male,LBGTQIA+,,,,,,,,White,,
,,,,,North America,,,,0,Male,Heterosexual or straight,,,,,,,,White,,
,,,,,North America,,,,0,Gay Male,LBGTQIA+,,,,,,,,White,,
,,,,Europe,,,,,0,,Prefer not to answer,,,,,,,,,,Prefer not the answer
,,,,Europe,,,,,0,f,Heterosexual or straight,,,,,,,,White,,
,,,,,North America,,,,0,Male,Heterosexual or straight,,,,,,,,White,,
,,,,,North America,,,,0,Male,Heterosexual or straight,,,,,,,,White,,
,,,,,North America,,,,0,Male,Heterosexual or straight,,,Asian,,"Hispanic, Latino, or Spanish origin",,,,,
,,,,Europe,,,,,0,Male,Heterosexual or straight,,,,,"Hispanic, Latino, or Spanish origin",,,,,
,,,,,North America,,,,0,Male,Heterosexual or straight,,,Asian,,,,,,,
,,,,,North America,,,,0,Male,Heterosexual or straight,,,,,,,,White,,
,,,,Europe,,,,,0,male,Heterosexual or straight,,,,,,,,White,,
,,,,,North America,,,,0,m,Heterosexual or straight,,,,,,,,White,,
,,,,Europe,,,,,1,male,Heterosexual or straight,,,,,,,,White,,
,,,,,North America,,,,0,,,,,,,,,,,,
,,,,Europe,,,,,0,Male,Heterosexual or straight,,,,,,,,White,,
,,Asia,,,,,,,0,male,Heterosexual or straight,,,,,,,,,"Some other race, ethnicity, or origin",
,,Asia,,,,,,,0,Male,Heterosexual or straight,,,Asian,,,,,,,
,,,,Europe,,,,,0,Male,Heterosexual or straight,,,,,,,,White,,
,,,,Europe,,,,,0,Male,Heterosexual or straight,,,,,,,,White,,
,,,,,North America,,,,0,M,Heterosexual or straight,,,,,,,Pacific Islander,,,
,,,,Europe,,,,,0,male,Prefer not to answer,,,,,,,,,"Some other race, ethnicity, or origin",
,,,,,North America,,,,0,Male,LBGTQIA+,,,,,,,,White,,
,,,,,North America,,,,0,,Heterosexual or straight,,,,,,,,White,,
,,,,Europe,,,,,0,Did you just assume my gender?,LBGTQIA+,,,,,,,,White,,
,,,,,North America,,,,1,Male,Heterosexual or straight,,,,,"Hispanic, Latino, or Spanish origin",,,White,,
,,,,,North America,,,,0,I identify with all 67 gender pronouns.,,Who cares,,,,,,,,,Prefer not the answer
,,,,,North America,,,,0,male,Heterosexual or straight,,,,,,,,White,,
,,,,Europe,,,,,0,Male,Heterosexual or straight,,,,,,,,White,,
,,,,Europe,,,,,0,man,Heterosexual or straight,,,,,,,,White,,
,,,,Europe,,,,,0,Male,Heterosexual or straight,,,,,,,,,"Some other race, ethnicity, or origin",
,,,,Europe,,,,,0,M,Prefer not to answer,,,,,,,,,,Prefer not the answer
,,,,Europe,,,,,0,Male,Heterosexual or straight,,,,,"Hispanic, Latino, or Spanish origin",,,,,
,,,,,North America,,,,0,Turd,,Turd,,,,,,,,,Prefer not the answer
,,,,,North America,,,,0,What is Your current gender identity?,Prefer not to answer,,,,,,,,White,,
,,,,Europe,,,,,0,Male,Heterosexual or straight,,,,,,,,White,,
,,,,,,,,,,,,,,,,,,,,,
,,,,,North America,,,,0,male,Prefer not to answer,,,Asian,,,,,,,
,,,,Europe,,,,,0,male,Heterosexual or straight,,,,,,,,White,,
,,,,Europe,,,,,0,Male,Heterosexual or straight,,,,,,,,,,Prefer not the answer
,,,,Europe,,,,,0,Male.,Heterosexual or straight,,,,,,,,White,,
,,,,Europe,,,,,0,male,Heterosexual or straight,,,,,,,,White,,
,,,,,North America,,,,0,Male,Heterosexual or straight,,,,,,,,White,,
,,,,Europe,,,,,0,Male,Heterosexual or straight,,,,,"Hispanic, Latino, or Spanish origin",,,White,,
,,,,Europe,,,,,0,Male,Heterosexual or straight,,,,,,,,White,,
,,,,,North America,,,,0,Male,Heterosexual or straight,,,Asian,,,,,,,
,,,,,North America,,,,0,Male,LBGTQIA+,,,,,,,,White,,
,,,,,North America,,,,0,,Heterosexual or straight,,,,,,,,White,,
,,,,Europe,,,,,0,Male,Heterosexual or straight,,,,,,,,White,,
,,,,,,,,,,,,,,,,,,,,,
,,,,,North America,,,,0,male,Heterosexual or straight,,,,Black or African American,,,,,,
,,,,Europe,,,,,0,Male,Heterosexual or straight,,,,,,,,White,,
,,,,Europe,,,,,0,Male,Heterosexual or straight,,,,,,,,White,,
,,,,,North America,,,,0,Male,Heterosexual or straight,,,,,,,,White,,
,,,,,North America,,,,0,Male,Heterosexual or straight,,,,,,,,White,,
,,,,,North America,,,,0,Male,Heterosexual or straight,,,,,,,,White,,
,,,,Europe,,,,,0,n.a.,LBGTQIA+,,,,,,,,White,,
,Africa,,,,,,,,0,Male,Prefer not to answer,,,,,,Middle Eastern or North African,,,,
,,,,,North America,,,,0,Male,Heterosexual or straight,,,Asian,,,,,,,
,,,,Europe,North America,,,,0,male,Prefer not to answer,,,,,,,,White,,
,,,,,North America,,,,0,,Heterosexual or straight,,,,,,,,White,,
,,,,Europe,,,,,0,Male,Heterosexual or straight,,,,,,,,White,,
,,,,,North America,,,,0,,,,,Asian,,,,,,,
,,,,,North America,,,,0,Wild,Heterosexual or straight,,,,,,,,White,,
,,,,,North America,,,,0,male,Heterosexual or straight,,,,,,,,,"Some other race, ethnicity, or origin",
,,,,,North America,,,,0,Male,Heterosexual or straight,,,,,,,,White,,
,,,,,North America,,,,0,Male,Heterosexual or straight,,,,,,,,White,,
,,,,,North America,,,,0,M,Heterosexual or straight,,,Asian,,,,,,,
,,,,,North America,,,,0,Male,Heterosexual or straight,,,,,,,,White,,
,,,,,North America,,,,0,Male,Heterosexual or straight,,,Asian,,,,,,,
,,,,,North America,,,,0,male,Heterosexual or straight,,,,,,,,White,,
,,,,,North America,,,,0,female,Heterosexual or straight,,,,,,,,White,,
,,,,Europe,,,,,0,Male,Heterosexual or straight,,,,,"Hispanic, Latino, or Spanish origin",,,White,,
,,,,Europe,,,,,0,Male,Heterosexual or straight,,,,,,,,White,,
,,,,,,,,,,,,,,,,,,,,,
,,,,Europe,,,,,0,Male,Heterosexual or straight,,,,,,,,White,,
,,,,Europe,,,,,0,Male,Heterosexual or straight,,,,,,,,White,,
,,,,,North America,,,,0,Male,Heterosexual or straight,,,Asian,,,,,,,
,,,,Europe,,,,,0,Male,Heterosexual or straight,,,,,,,,White,,
,,,Oceania,,,,,,0,"gendered, and identifying",Heterosexual or straight,,,,,,,,White,,
,,,,Europe,,,,,0,male,Heterosexual or straight,,,,,,,,White,,
,,,,,,,,,,,,,,,,,,,,,
,,,,,,,South America,,0,Male,Heterosexual or straight,,,,,"Hispanic, Latino, or Spanish origin",,,,,
,,Asia,,,,,,,0,Male,Heterosexual or straight,,,Asian,,,,,,,
,,,,,North America,,,,0,Male,Heterosexual or straight,,,,,,Middle Eastern or North African,,,,
,,,,Europe,,,,,0,,Prefer not to answer,,,,,,,,,,Prefer not the answer
,,Asia,,,,,,,0,male,Prefer not to answer,,,,,,Middle Eastern or North African,,,,
,,,,,North America,,,,0,Male,Heterosexual or straight,,,,,,,,White,,
,,,,,North America,,,,0,Male,Heterosexual or straight,,,,,,,,White,,
,,Asia,,,North America,,,,0,,Heterosexual or straight,,,,,,,,,,Prefer not the answer
,,,,,North America,,,,0,Male,Heterosexual or straight,,,,,,,,White,,
,,,,Europe,,,,,0,Male,Heterosexual or straight,,,,,,,,White,,
,,,,,North America,,,,0,Male,Heterosexual or straight,,,,,,,,,,
,,,,,,,South America,,0,Male,Heterosexual or straight,,,,,,,,White,,
,,,,,North America,,,,0,,,,,,Black or African American,,,,,,
,Africa,,,,,,,,0,male,Heterosexual or straight,,,,,,Middle Eastern or North African,,,,
,,,,Europe,,,,,0,Male,LBGTQIA+,,,,,,,,White,,
,,,,,North America,,,,0,male,Heterosexual or straight,,,,,,,,White,,
,,,,,North America,,,,0,Male,Prefer not to answer,,,,,,,,,,Prefer not the answer
,,,,,North America,,,,0,male,Heterosexual or straight,,,,,,,,White,,
,,,,,North America,,,,0,,Heterosexual or straight,,,,,"Hispanic, Latino, or Spanish origin",,,,,
,,,,,North America,,,,0,Male,Heterosexual or straight,,,,,,,,White,,
,,,,,North America,,,,0,Male,Heterosexual or straight,,,Asian,,,,,White,,
,,,,Europe,,,,,0,,Heterosexual or straight,,,,,,,,White,,
,,,,,North America,,,,0,Male,Heterosexual or straight,,,,,,,,White,,
,,,,Europe,,,,,0,man/getero,Heterosexual or straight,,,Asian,,,,,,,
,,Asia,,,,,,,0,Male,Heterosexual or straight,,,,,,,,White,,
,,,,Europe,,,,,0,Male,Heterosexual or straight,,,,,,,,White,,
,,,,,North America,,,,0,Male,Heterosexual or straight,,,,,,,,White,,
,,,,,North America,,,,0,Male,Heterosexual or straight,,,,,,,,White,,
,,,,,North America,,,,0,Male,Heterosexual or straight,,,,,,,,White,,
,,,,,North America,,,,0,Male,Heterosexual or straight,,,Asian,,,,,White,,
,,,,,North America,,,,0,Male,Heterosexual or straight,,,,,,,,White,,
,,,,Europe,,,,,0,Male,Heterosexual or straight,,,,,,,,White,,
,,,,Europe,,,,,0,Male,Heterosexual or straight,,,,,,,,White,,
,,,,,North America,,,,0,,,,,,,,,,,,
,,,,Europe,,,,,0,,Heterosexual or straight,,,,,,,,White,,
,,,,,North America,,,,0,Male,Heterosexual or straight,,,Asian,,,,,,,
,,,,,North America,,,,0,,,,,,,,,,,,
,,,,Europe,,,,,0,Heterosexual Male,Heterosexual or straight,,,,,,,,White,,
,,,,Europe,,,,,0,male,Heterosexual or straight,,,,,,,,White,,
,,,,Europe,,,,,0,Male,Heterosexual or straight,,,,,,,,White,,
,,,,,North America,,,,0,Male,Heterosexual or straight,,,,,,,,White,,
,,,,,North America,,,,0,Sheep,Heterosexual or straight,,,,,,,,White,,
,,,,,North America,,,,0,Male,Heterosexual or straight,,,,,,,,White,,
,,,,Europe,,,,,0,Male,Heterosexual or straight,,,,,,,,White,,
,,,,,North America,,,,0,,Prefer not to answer,,,,Black or African American,,,,,,
,,,,,North America,,,,0,Male,Prefer not to answer,,,,,,,,White,,
,,,,,North America,,,,0,Male,Heterosexual or straight,,,,,,,,White,,
,,,,,North America,,,,0,Male,Heterosexual or straight,,,,Black or African American,,,,White,,
,,,,Europe,,,,,0,Men,Heterosexual or straight,,,,,,,,White,,
,,,,Europe,,,,,0,Male,Heterosexual or straight,,,,,,,,White,,
,,,,,North America,,,,0,Male,Heterosexual or straight,,,,,,,,White,,
,,,,Europe,,,,,0,Male,Heterosexual or straight,,,,,,,,White,,
,,,,Europe,,,,,0,M,Heterosexual or straight,,,,,,,,White,,
,,,,Europe,,,,,0,Male,Heterosexual or straight,,,,,,,,White,,
,,Asia,,,,,,,0,Male,Heterosexual or straight,,,Asian,,,,,,,
,,,,,North America,,,,0,,Heterosexual or straight,,,,,,,,White,,
,,,,,North America,,,,0,,,,,,,,,,,,
,,,,Europe,,,,,0,Male,Heterosexual or straight,,,,,,,,White,,
,,,,,North America,,,,0,Female (and kudos for making this a fill-in-the-blank text field. Inclusion!!),Heterosexual or straight,,,,,,,,,,Prefer not the answer
,,,,,North America,,,,0,Male,Heterosexual or straight,,,,,,,,White,,
,,,,,North America,,,,0,Male,Heterosexual or straight,,,,,,,,White,,
,,Asia,,,,,,,0,Male,Heterosexual or straight,,,Asian,,,,,,,
,,,,,North America,,,,0,Male,Heterosexual or straight,,,Asian,,,,,,,
,,,,,North America,,,,0,,,,,,,,,,,,
,,,,,,Central America,,,0,Male,Heterosexual or straight,,,,,,,,White,,
,,Asia,,,,,,,0,Male,Prefer not to answer,,,Asian,,,,,,,
,,,,,North America,,,,0,male,Heterosexual or straight,,,,,,,,White,,
,,,,,North America,,,,0,m,Heterosexual or straight,,,,,,,,White,,
,,,,,North America,,,,0,Male,Heterosexual or straight,,,,,,,,White,,
,,Asia,,,,,,,0,Male,Heterosexual or straight,,,Asian,,,,,,,
,,,,,North America,,,,0,Male,Heterosexual or straight,,,,,,,,White,,
,,,,Europe,,,,,0,male,Heterosexual or straight,,,,,,,,White,,
,,,,,North America,,,,0,M,Heterosexual or straight,,,,,,,,,"Some other race, ethnicity, or origin",
,,Asia,,,,,,,0,Male,Heterosexual or straight,,,Asian,,,,,,,
,,,,,North America,,,,0,Male,Heterosexual or straight,,,,,,,,White,,
,,,,Europe,,,,,0,Male,Prefer not to answer,,,,,,,,,,Prefer not the answer
,,,,,,,,,,,,,,,,,,,,,
,,Asia,,,,,,,0,Male,Heterosexual or straight,,,Asian,,,,,,,
,,,,,North America,,,,0,Male,Heterosexual or straight,,,,,,,,White,,
,,,,,North America,,,,0,female,Heterosexual or straight,,,,,,,,White,,
,,,,,North America,,,,0,male,Heterosexual or straight,,,,,,,,White,,
,,,,,North America,,,,0,Male,Heterosexual or straight,,,,,,,,White,,
,,,,,North America,,,,0,Male,Heterosexual or straight,,,,Black or African American,,,,,,
,,,,Europe,,,,,0,Male,Heterosexual or straight,,,,,,,,White,,
,,,Oceania,,,,,,0,Male,Heterosexual or straight,,,,,,,,White,,
,,,,Europe,,,,,0,Male,Heterosexual or straight,,,,,,,,White,,
,,,,,,,,,,,,,,,,,,,,,
,,,,,North America,,,,0,Masculine,Heterosexual or straight,,,,,,,,White,,
,,,,Europe,,,,,0,,,Why ask?,,,,,,,,,Prefer not the answer
,,,,Europe,,,,,0,Male,Heterosexual or straight,,,,,,Middle Eastern or North African,,White,"Some other race, ethnicity, or origin",
,,,,,North America,,,,0,Male,Heterosexual or straight,,,,,,,,White,,
,,,,Europe,,,,,0,"Gender is not a social construct, it's  a biological property of humans. There are two genders, male and female. I was born as a man and still is.",Heterosexual or straight,,,,,,,,White,"Some other race, ethnicity, or origin",
,,,,,,,,,,,,,,,,,,,,,
,,,,,North America,,,,0,Male,Heterosexual or straight,,,,,,,,White,,
,,,,,North America,,,,0,Male,Heterosexual or straight,,,,,,,,White,,
,,,,,North America,,,,0,male,Heterosexual or straight,,,,,,,,White,,
,,,,Europe,,,,,0,man,Heterosexual or straight,,,,,,,,White,,
,,,,Europe,,,,,0,Male,,,,,,,,,,,
,,,,Europe,,,,,0,,,,,,,,,,White,,
,,,,Europe,,,,,0,male,Heterosexual or straight,,,,,,,,White,,
,,,,,North America,,,,0,Male,Heterosexual or straight,,,,,,,,White,,
,,,,,North America,,,,0,Female,Heterosexual or straight,,,,,,,,White,,
,,,,,North America,,,,0,Male,Heterosexual or straight,,American Indian or Alaska Native,,,,,,White,,
,,,,,North America,,,,0,Male,Heterosexual or straight,,,,Black or African American,,,,White,,
,,,,,North America,,,,0,Male,Heterosexual or straight,,,Asian,,,,,,,
,,,,,North America,,,,0,female,Heterosexual or straight,,,,,,,,White,,
,,,,,North America,,,,0,,Heterosexual or straight,,,,,,,,,"Some other race, ethnicity, or origin",
,,,,,,,,,,,,,,,,,,,,,
,,,,Europe,,,,,0,male,Heterosexual or straight,,,,,,,,White,,
,,,,,North America,,,,0,Male,Heterosexual or straight,,,,,,,,White,,
,,,,Europe,,,,,0,Male,Heterosexual or straight,,,,,,,,White,,
,,,,,North America,,,,0,Female,Heterosexual or straight,,,,,,,,White,,
,,,,,,,South America,,0,,,,,,,"Hispanic, Latino, or Spanish origin",,,,,
,,,,,North America,,,,0,male,Heterosexual or straight,,,,,,,,White,,
,,,,,North America,,,,0,female,Heterosexual or straight,,,,,,,,White,,
,,,,Europe,,,,,0,male,Heterosexual or straight,,,,,,,,White,,
,,,Oceania,,,,,,0,Male,Heterosexual or straight,,,,,,,,White,,
,,,,,North America,,,,0,,,,,,,,,,,,
,,,,Europe,,,,,0,Male,Heterosexual or straight,,,,,"Hispanic, Latino, or Spanish origin",,,,,
,,Asia,,,,,,,0,Male,Heterosexual or straight,,,,,,,,White,,
,,Asia,,,,,,,0,Male,Heterosexual or straight,,,,,,,,,,Prefer not the answer
,,,,Europe,,,,,0,Male,Heterosexual or straight,,,,,,,,White,,
,,,,Europe,,,,,0,Male,Heterosexual or straight,,,,,"Hispanic, Latino, or Spanish origin",,,,,
,,,,,North America,,,,0,,Prefer not to answer,,,,,,,,,,Prefer not the answer
,,,,,North America,,,,0,,,,,,,,,,,,
,,,,Europe,,,,,0,Man,Heterosexual or straight,,,,,,,,White,,
,,,,Europe,,,,,0,male,Heterosexual or straight,,,,,,,,,,Prefer not the answer
,,,,,North America,,,,0,male,Heterosexual or straight,,,,,,,,White,,
,,,,,North America,,,,0,Male,Heterosexual or straight,,,,,,,,White,,
,,,,,North America,,,,0,Female,Heterosexual or straight,,,Asian,,,,,,,
,,,,,North America,,,,0,Male,LBGTQIA+,,,,,,,,White,,
,,,,,North America,,,,0,Male,Heterosexual or straight,,,,,,,,White,,
,,,,,North America,,,,0,Male,Heterosexual or straight,,,Asian,,,,Pacific Islander,,,
,,,,,North America,,,,0,Male,Heterosexual or straight,,,,,,,,White,,
,,,,,North America,,,,0,Male,Heterosexual or straight,,,,,,,,White,,
,,,,,,,,,,,,,,,,,,,,,
,,,,Europe,,,,,0,Male,Heterosexual or straight,,,,,,,,White,,
,,,,,North America,,,,0,Male,Heterosexual or straight,,,,,,,,White,,
,,,,Europe,,,,,0,Male,Heterosexual or straight,,,,,,,,White,,
,,,,Europe,,,,,0,Male,Heterosexual or straight,,,,,,,,,,Prefer not the answer
,,,,,North America,,,,0,,Heterosexual or straight,,,,,,,,White,,
,,,,,North America,,,,0,Male,Prefer not to answer,,,,,,,,,,Prefer not the answer
,,,,Europe,North America,,,,0,,Heterosexual or straight,,,,,,,,,,Prefer not the answer
,,,,,North America,,,,0,Male,Heterosexual or straight,,,,Black or African American,,,,,,
,,,,Europe,,,,,0,Male,Heterosexual or straight,,,,,,,,White,,
,,,,Europe,,,,,0,Male,Heterosexual or straight,,,,,,,,White,,
,,,,,North America,,,,0,male,LBGTQIA+,,,,,,,,White,,
,,,,Europe,,,,,0,male,Heterosexual or straight,,,,,,,,White,,
,,,,Europe,,,,,0,Male,Heterosexual or straight,,,,,,,,White,,
,,,Oceania,,,,,,0,Male,Heterosexual or straight,,,,,,,,White,,
,,,,,North America,,,,0,Male,Heterosexual or straight,,,,Black or African American,,,,White,,
,,,,,North America,,,,0,Male,Heterosexual or straight,,,,,,,,White,,
,,,,,North America,,,,0,Dude,Heterosexual or straight,,,,,,,,,,Prefer not the answer
,,,,,North America,,,,0,Male,Heterosexual or straight,,,,,,,,White,,
,,,,,North America,,,,0,m,Heterosexual or straight,,,,,,,,White,,
,,,,Europe,,,,,0,Male,Heterosexual or straight,,,,,,,,White,,
,,,,,North America,,,,0,Male,Heterosexual or straight,,,,,,,,White,,
,,,,,North America,,,,0,male,Heterosexual or straight,,,,,,,,White,,
,Africa,Asia,Oceania,Europe,North America,Central America,South America,,1,Male,,,,,,,,,,,Prefer not the answer
,,,,,,,,,,,,,,,,,,,,,
,,,Oceania,,,,,,0,No,Prefer not to answer,,,,,,,,,,Prefer not the answer
,,,,,North America,,,,0,"Gender is bi-modal, said Heather Heying on youtube",Prefer not to answer,,,,,,,,,"Some other race, ethnicity, or origin",Prefer not the answer
,,,,Europe,,,,,0,male,Heterosexual or straight,,,,,,,,White,,
,,Asia,,,,,,,0,Male,Prefer not to answer,,,Asian,,,,,,,
,,,Oceania,,,,,,0,male,Heterosexual or straight,,,,,,,,White,,
,,,,,North America,,,,0,"Give a break, asking questions like this doesn't help anyone.",Prefer not to answer,,,,,,,,White,,
,,,,Europe,,,,,0,male,,,,,,,,,,,
,,,,Europe,,,,,0,Wookie,Prefer not to answer,,,,,,,,,,Prefer not the answer
,,,,,North America,,,,0,Male,Heterosexual or straight,,,,,,,,White,,
,,Asia,,,,,,,0,M,Prefer not to answer,,,Asian,,,,,,,
,,,Oceania,,,,,,0,Male,Heterosexual or straight,,,,,,,,White,,
,,,,,North America,,,,1,don't know,Prefer not to answer,,,,,,,,,"Some other race, ethnicity, or origin",
,,,,,North America,,,,0,Male,Heterosexual or straight,,,,,,,,White,,
,,,,Europe,,,,,0,What the fuck?,Prefer not to answer,,,,,,,,White,,
,,,,Europe,,,,,0,Male,Heterosexual or straight,,,,,,,,White,,
,,Asia,,,,,,,0,Male,LBGTQIA+,,,,,,,,,"Some other race, ethnicity, or origin",
,,Asia,,Europe,,,,,0,Male,Heterosexual or straight,,,,,,,,White,,
,,,,,North America,,,,0,Male,Heterosexual or straight,,,Asian,,,,,,,
,,,,Europe,,,,,0,male,Heterosexual or straight,,,,,,,,White,,
,,,,Europe,,,,,0,M,Heterosexual or straight,,,,,,,,White,,
,,,,Europe,,,,,0,Male,Heterosexual or straight,,,,,,,,White,,
,,,,,North America,,,,0,Male,Heterosexual or straight,,,,,,,,White,,
,,,,,North America,,,,0,Male,Heterosexual or straight,,,,,"Hispanic, Latino, or Spanish origin",,,,,
,,,,,North America,,,,,,,,,,,,,,,,
,,,,,North America,,,,0,male,Heterosexual or straight,,,,,,,,White,,
,,,,Europe,,,,,0,Male,Heterosexual or straight,,,,,,,,White,,
,,,,,North America,,,,0,m,Heterosexual or straight,,,,,,,,White,,
,,,,Europe,,,,,0,Male,Prefer not to answer,,,,,,,,White,,
,,Asia,,,,,,,0,Male,,,,Asian,,,,,,,
,,,Oceania,,,,,,0,Male,Heterosexual or straight,,,,,,,,White,,
,,,,,North America,,,,0,Male,Heterosexual or straight,,,,,,,,White,,
,,,,Europe,,,,,0,,Prefer not to answer,,,,,,,,,,Prefer not the answer
,,,,,North America,,,,0,Male,Heterosexual or straight,,,,,,,,White,,
,,,,,,,South America,,0,Male,Heterosexual or straight,,,,,"Hispanic, Latino, or Spanish origin",,,,,
,,,,,North America,,,,0,,Prefer not to answer,,,,,,,,,,Prefer not the answer
,,,,,North America,,,,0,Male,Heterosexual or straight,,,,,,,,White,,
,,,,,North America,,,,0,Male,Heterosexual or straight,,,,,,,,White,,
,,,,,North America,,,,0,Male,Heterosexual or straight,,,,,,,,White,,
,,,,Europe,,,,,0,Male,Heterosexual or straight,,,,,,,,White,,
,,,,Europe,,,,,1,Female,LBGTQIA+,,,,,,,,White,,
,,,,,North America,,,,0,Male,Heterosexual or straight,,,,,,,,White,,
,,,,Europe,,,,,0,Male,Heterosexual or straight,,,,,,,,,"Some other race, ethnicity, or origin",
,,,,Europe,,,,,0,male,Heterosexual or straight,,,,,,,,White,,
,,,,,North America,,,,0,Male,Heterosexual or straight,,,,,"Hispanic, Latino, or Spanish origin",,,White,,
,,,Oceania,,,,,,0,male,Heterosexual or straight,,,,,,,,White,,
,,,,,North America,,,,0,Male,Heterosexual or straight,,American Indian or Alaska Native,,,,,,White,,
,,,,,North America,,,,0,Male,Heterosexual or straight,,,,,,,,White,,
,,,Oceania,,,,,,0,What does that even mean.,Heterosexual or straight,,,,,,,,White,,
,,,,Europe,,,,,0,Male,Heterosexual or straight,,,,,,,,White,,
,,,,,North America,,,,0,Male,Heterosexual or straight,,,,,,,,White,,
,,,,,North America,,,,0,male,Heterosexual or straight,,,,,,,,White,,
,,,,,North America,,,,0,Male,Heterosexual or straight,,,,,,,,White,,
,,Asia,,,,,,,0,Male,Heterosexual or straight,,,,,,Middle Eastern or North African,,,,
,,,,,North America,,,,0,,,,,,,,,,,,
,,,,,,,,,,,,,,,,,,,,,
,,,,Europe,,,,,0,male,Heterosexual or straight,,,,,,,,White,,
,,,,,North America,,,,,Male,Heterosexual or straight,,,Asian,,,,,,,
,,,,,North America,,,,0,male,Heterosexual or straight,,,,,,,,White,,
,,,,Europe,,,,,0,male,Heterosexual or straight,,,,,,,,White,,
,,,,Europe,,,,,0,,Heterosexual or straight,,,,,,,,White,,
,,,,,North America,,,,0,Male,Heterosexual or straight,,,,,"Hispanic, Latino, or Spanish origin",,,White,,
,,,,Europe,,,,,0,Male,Heterosexual or straight,,,,,,,,White,,
,,,,,North America,,,,0,Female,Heterosexual or straight,,,,,,,,White,,
,,,,,,,,,,,,,,,,,,,,,
,,,,Europe,,,,,0,Dick,Heterosexual or straight,,,,,"Hispanic, Latino, or Spanish origin",,,,,
,,Asia,,,,,,,0,Male,Prefer not to answer,,,,,,,,,,Prefer not the answer
,,,,Europe,,,,,0,male,Heterosexual or straight,,,,,,,,White,,
,,,,,North America,,,,0,,Prefer not to answer,,,,,,,,,,Prefer not the answer
,,,,,North America,,,,0,,Prefer not to answer,,,,,,,,,,Prefer not the answer
,,,,,North America,,,,0,M,Heterosexual or straight,,,,,,,,White,,
,,,,Europe,,,,,0,Male,Heterosexual or straight,,,,,,,,White,,
,,,,,North America,,,,0,male,Heterosexual or straight,,,,,,,,White,,
,,,,,North America,,,,0,Male,Heterosexual or straight,,,,,,,,White,,
,,,,,North America,,,,0,Male,Heterosexual or straight,,,,,,,,White,,
,,,,Europe,,,,,0,male,Heterosexual or straight,,,,,,,,White,,
,,,,,North America,,,,0,Male,LBGTQIA+,,,,,,,,White,,
,,,,,,,,,,,,,,,,,,,,,
,,Asia,,,,,,,0,Male,Prefer not to answer,,,Asian,,,,,,,
,,Asia,,,,,,,0,Male,Prefer not to answer,,,,,,,,,,Prefer not the answer
,,,,Europe,,,,,0,Male,Heterosexual or straight,,,,,,,,White,,
,,,,Europe,,,,,0,Male,Heterosexual or straight,,,,,,,,White,,
,,,,Europe,,,,,0,Male,Prefer not to answer,,,,,,,,,,Prefer not the answer
,,,,Europe,,,,,0,,Prefer not to answer,,,,,,,,,,Prefer not the answer
,,,,Europe,,,,,0,male,Heterosexual or straight,,,,,,,,White,,
,,Asia,,,,,,,0,Male,Heterosexual or straight,,,,,"Hispanic, Latino, or Spanish origin",,,,,
,,,,,North America,,,,0,This form is getting too long and too detailed.,Prefer not to answer,,,,,,,,,,Prefer not the answer
,,,,Europe,,,,,0,MAle,Heterosexual or straight,,,,,,,,White,,
,,,,,,,South America,,0,male,Prefer not to answer,,,,,"Hispanic, Latino, or Spanish origin",,,,,
,,,,Europe,,,,,0,Male,Heterosexual or straight,,,,,,,,White,,
,,,,,North America,,,,0,Female,Heterosexual or straight,,,,,,,,White,,
,,,,,North America,,,,0,Male,Heterosexual or straight,,,,,,,,White,,
,,,,Europe,,,,,0,male,Heterosexual or straight,,,,,,,,White,"Some other race, ethnicity, or origin",
,,,,,North America,,,,0,Male,Heterosexual or straight,,,,,,,,White,,
,,,,Europe,,,,,0,Man,Heterosexual or straight,,,,,,,,White,,
,,,,,North America,,,,0,Why is it important to ask this?,,Why is it important to ask this on an ember survey?,,,,,,,,,
,,,,,North America,,,,0,Male,Heterosexual or straight,,,,,,,,White,,
,,,,,North America,,,,0,Male,Heterosexual or straight,,,,,,,,White,,
,,,,Europe,,,,,0,Male,LBGTQIA+,,,,,"Hispanic, Latino, or Spanish origin",,,,,
,,,,,North America,,,,0,Male,Heterosexual or straight,,,,,,,,White,,
,,Asia,,,,,,,0,Male,Prefer not to answer,,,Asian,,,,,,,
,,,,,North America,,,,0,Male,Heterosexual or straight,,,,,,,,White,,
,,,,,North America,,,,0,Male,Heterosexual or straight,,,,,,,,White,,
,,,,,North America,,,,0,Male,Heterosexual or straight,,,,,,,,,,Prefer not the answer
,,,,Europe,,,,,0,-,Heterosexual or straight,,,,,,,,White,,
,,Asia,,,,,,,0,Male,Heterosexual or straight,,,,,,,,,,Prefer not the answer
,,,,,North America,,,,0,male,Heterosexual or straight,,,,,,,,White,,
,,Asia,,,,,,,0,Male,Heterosexual or straight,,,Asian,,,,,,,
,,,Oceania,,,,,,0,Male,Heterosexual or straight,,,,,,,,White,,
,,,,,North America,,,,0,Cisgender Woman,Heterosexual or straight,,,,,,,,White,,
,,,,Europe,,,,,0,,Heterosexual or straight,,,,,,,,White,,
,,,,,North America,,,,0,,,,,,,,,,,,
,,,,,,,,,,,,,,,,,,,,,
,,,,Europe,,,,,0,male,Heterosexual or straight,,,,,,,,White,,
,,,,Europe,,,,,0,Jedi Knight,Prefer not to answer,,,,,,,,,,Prefer not the answer
,,,,Europe,,,,,0,Male,Heterosexual or straight,,,,,,,,White,,
,,Asia,,,,,,,0,male,Prefer not to answer,,,Asian,,,,,,,
,,,,Europe,,,,,0,male,Heterosexual or straight,,,,,,,,White,,
,,,,,North America,,,,0,Male,Heterosexual or straight,,,,,,,,White,,
,,,,Europe,,,,,0,male,Heterosexual or straight,,,,,,,,White,,
,,,,,,,South America,,0,,,,,,,,,,,,
,,,,Europe,,,,,0,male,Heterosexual or straight,,,,,,,,White,,
,,Asia,,,,,,,0,M,Prefer not to answer,,,Asian,,,,,,,
,,,,,North America,,,,0,Male,Heterosexual or straight,,,,,,,,White,,
,,,,Europe,,,,,0,Male,Heterosexual or straight,,,,,,,,White,,
,,,,Europe,,,,,0,,,,,,,,,,,,
,,,,,North America,,,,1,Male,Heterosexual or straight,,,,,,,,White,"Some other race, ethnicity, or origin",
,,,,,North America,,,,0,Male,Heterosexual or straight,,,,,,,,White,,
,,,,Europe,,,,,0,Male,Heterosexual or straight,,,,,,,,White,,
,,,,,North America,,,,0,Male,Heterosexual or straight,,,,,,,,White,,
,,,,,North America,,,,1,Male,Heterosexual or straight,,,Asian,,,,,,,
,,,,,North America,,,,0,,,,,,,,,,White,,
,,,,Europe,,,,,0,Male,Heterosexual or straight,,,,,,,,White,,
,,,,Europe,,,,,0,male,Prefer not to answer,,,,,,,,,,Prefer not the answer
,,,,Europe,,,,,0,Male,Heterosexual or straight,,,,,,,,White,,
,,,,,North America,,,,0,Male,Heterosexual or straight,,,,,,,,White,,
,,,,Europe,,,,,0,male,Heterosexual or straight,,,,,,Middle Eastern or North African,,,,
,,,,Europe,,,,,0,male,Heterosexual or straight,,,,,,,,White,,
,,,,,North America,,,,0,Male,Heterosexual or straight,,,Asian,,,,,,,
,,,,,North America,,,,0,Male,Heterosexual or straight,,,,,,,,White,,
,,,,Europe,,,,,0,man,Heterosexual or straight,,,,,,,,White,,
,,,Oceania,,,,,,0,Male,LBGTQIA+,,,,,"Hispanic, Latino, or Spanish origin",,,,,
,,,,Europe,,,,,0,male,Heterosexual or straight,,,,,"Hispanic, Latino, or Spanish origin",,,White,"Some other race, ethnicity, or origin",
,,,,,North America,,,,0,man,Heterosexual or straight,,,,,,,,White,,
,,,,,North America,,,,0,Male,Heterosexual or straight,,,,,,,,White,,
,,,,Europe,,,,,0,male,Heterosexual or straight,,,,,,,,White,,
,,Asia,,,,,,,0,male,Heterosexual or straight,,,,,,,,White,,
,,,,,North America,,,,0,Cis Male,Heterosexual or straight,,,,,,,,White,,
,,,,Europe,,,,,0,Male,Heterosexual or straight,,,,,,,,White,,
,,,,Europe,,,,,0,Male,Prefer not to answer,,,,,,,,White,,
,,,,Europe,,,,,0,man,Heterosexual or straight,,,,,,,,White,,
,,,,,North America,,,,0,,Heterosexual or straight,,,,,,,,White,,
,,,,Europe,,,,,0,Male,Heterosexual or straight,,,,,,,,White,,
,,,,,North America,,,,0,female,Heterosexual or straight,,,,,"Hispanic, Latino, or Spanish origin",,,,,
,,,,,North America,,,,0,Male,Heterosexual or straight,,,,,,,,White,,
,,,,Europe,,,,,0,male,Heterosexual or straight,,,,,,,,White,,
,,,,,North America,,,,0,Male,Heterosexual or straight,,,,,,,,White,,
,,,,,North America,,,,0,why does it matter?,Prefer not to answer,,,,,,,,White,,
,,,,Europe,,,,,0,,,,,,,,,,,,
,,,,,North America,,,,0,Female,LBGTQIA+,,,,,,,,White,"Some other race, ethnicity, or origin",
,,,,,,,South America,,0,Masculine,Heterosexual or straight,,,,,"Hispanic, Latino, or Spanish origin",,,,,
,,,,,North America,,,,0,Male,Heterosexual or straight,,,,,,,,White,,
,,,,,North America,,,,0,Male,Heterosexual or straight,,,,,,,,White,,
,,Asia,,,,,,,0,Male,Heterosexual or straight,,,,,,,,,"Some other race, ethnicity, or origin",
,,,,,North America,,,,0,male,Heterosexual or straight,,,,,,,,White,,
,,,,,,,South America,,0,male,Heterosexual or straight,,,,,"Hispanic, Latino, or Spanish origin",,,,,
,,,,,North America,,,,0,Male,Heterosexual or straight,,,,,,,,White,,
,,,,,North America,,,,0,male,Heterosexual or straight,,,,,,,,White,,
,,,,,North America,,,,0,female,Heterosexual or straight,,,Asian,,,,,,,
,,,,,North America,,,,0,M,Heterosexual or straight,,,,,,,,White,,
,,,,,North America,,,,0,Male,Heterosexual or straight,,,,,,,,White,,
,,,,Europe,,,,,0,Men,Heterosexual or straight,,,,,,,,White,,
,,Asia,,,,,,,0,Male,Heterosexual or straight,,,,,,,,White,,
,,,,,North America,,,,0,Male,Heterosexual or straight,,,,,,,,White,,
,,,,Europe,,,,,0,M,Heterosexual or straight,,,,,,,,White,,
,,,Oceania,,,,,,0,Wood,Prefer not to answer,,,Asian,,,,,,,
,,,,,North America,,,,0,Male,Heterosexual or straight,,,,,,,,White,,
,,,,,North America,,,,0,Male,Heterosexual or straight,,,,,,,,White,,
,,,,,North America,,,,0,Male,Heterosexual or straight,,,,,,,,White,,
,,,,Europe,,,,,0,male,Heterosexual or straight,,,,,,,,White,,
,,,,,North America,,,,1,Male,Heterosexual or straight,,,,,"Hispanic, Latino, or Spanish origin",,,,,
,,,,,North America,,,,0,Male,Heterosexual or straight,,,,,,,,White,"Some other race, ethnicity, or origin",
,,Asia,,,,,,,0,,Prefer not to answer,,,,,,,,,,Prefer not the answer
,,,,,North America,,,,0,male,Heterosexual or straight,,,,,,,,White,,
,,,,,North America,,,,0,male,Heterosexual or straight,,,Asian,,,,,White,,
,,,,Europe,,,,,0,Male.,Heterosexual or straight,,,,,,,,White,,
,,,,,North America,,,,0,Male,Heterosexual or straight,,,Asian,,,,,,,
,,,,,North America,,,,0,Male,Heterosexual or straight,,,,,,,,White,,
,,,,Europe,,,,,0,Male,Heterosexual or straight,,,,,,,,White,,
,,,,,North America,,,,1,Female,Heterosexual or straight,,,,,,,,White,,
,,,,Europe,,,,,0,male,Heterosexual or straight,,,,,,,,White,,
,,,,,North America,,,,0,,Prefer not to answer,,,,,,,,White,,
,,,,Europe,,,,,0,Male,Heterosexual or straight,,,,,,,,White,,
,,,,,North America,,,,0,Male,LBGTQIA+,,,,,,,,White,,
,,,,,North America,,,,,female,Heterosexual or straight,,,Asian,,,,,,,
,,,,,North America,,,,0,Male,Heterosexual or straight,,,,,,,,White,,
,,,,Europe,,,,,0,male,Prefer not to answer,,,Asian,Black or African American,"Hispanic, Latino, or Spanish origin",Middle Eastern or North African,,,,
,,,,,North America,,,,0,M,Heterosexual or straight,,,,,,,,White,,
,,,,,North America,,,,0,You would ask that this way. lol.  I am male and always will be.,Heterosexual or straight,,,,,,,,White,,
,,,,,North America,,,,0,Male,Heterosexual or straight,,,,,,,,White,,
,,Asia,,,,,,,0,Male,Heterosexual or straight,,,Asian,,,,,,,
,,,,Europe,,,,,0,M,,,,,,,,,,,
,,,,,,,,,,,,,,,,,,,,,
,,,,,,,,,,,,,,,,,,,,,
,,,,,North America,,,,0,Male,LBGTQIA+,,,,,,,,White,,
,,Asia,,,,,,,0,Male,Prefer not to answer,,,Asian,,,,,,,
,,,,Europe,,,,,0,Male,Heterosexual or straight,,,,,,,,,,Prefer not the answer
,,,,,North America,,,,0,male,Heterosexual or straight,,,,,,,,White,,
,,Asia,,,,,,,0,,Heterosexual or straight,,,Asian,,,,,,,
,,,,,North America,,,,0,Male,Heterosexual or straight,,,Asian,,,,,,,
,,,,,North America,,,,0,Male,Heterosexual or straight,,,,,,,,White,,
,,,,,North America,,,,0,Male,Heterosexual or straight,,,,,,,,White,,
,,,,,North America,,,,0,Male,Heterosexual or straight,,,,,,,,White,,
,,,,,North America,,,,0,male,Heterosexual or straight,,,,,,,,White,,
,,,,Europe,,,,,0,male,Heterosexual or straight,,,,,,,,White,,
,,,,Europe,,,,,0,,,,,,,,,,,,
,,,,,North America,,,,0,Transgender Woman,LBGTQIA+,,,,,,,,White,,
,,,,,North America,,,,0,male,Heterosexual or straight,,,,,,,,White,,
,,,,Europe,,,,,0,Male,Heterosexual or straight,,,,,,,,White,,
,,,,,North America,,,,0,,Prefer not to answer,,,,,,,,,,Prefer not the answer
,,,,,,,,,,,,,,,,,,,,,
,,,,Europe,,,,,0,male,Heterosexual or straight,,,,,,,,White,,
,,,,,North America,,,,0,Male,Heterosexual or straight,,,,,,,,White,,
,,,,,North America,,,,0,Male,LBGTQIA+,,,,,,,,White,,
,,,,,North America,,,,0,female,Heterosexual or straight,,,,,,,,White,,
,,,,,North America,,,,0,Male,Heterosexual or straight,,,,,"Hispanic, Latino, or Spanish origin",,,,,
,,,,Europe,,,,,0,male,Heterosexual or straight,,,,,,,,White,,
,,,,,North America,,,,0,male,Heterosexual or straight,,,,,,,,White,,
,,,,Europe,,,,,0,mixed,Prefer not to answer,,,,,,,,,,Prefer not the answer
,,,,,North America,,,,0,,Prefer not to answer,,,,,,,,,,Prefer not the answer
,,Asia,,,North America,,,,0,Male,Heterosexual or straight,,,,,,,,White,,
,,,,,North America,,,,0,Male,Heterosexual or straight,,,,,,,,White,,
,,Asia,,,,,,,0,Male,Prefer not to answer,,,Asian,,,,,,,
,,,,,North America,,,,0,Male,Heterosexual or straight,,,,,,,,White,,
,,,,Europe,,,,,0,Male,,,,,,,,,White,,
,,,,,North America,,,,0,Male,Heterosexual or straight,,,,,"Hispanic, Latino, or Spanish origin",,,,,
,,,,,North America,,,,0,,Heterosexual or straight,,,,,,,,White,,
,,,,,North America,,,,0,Male,Heterosexual or straight,,,Asian,,,,,White,,
,,,,,,,South America,,0,hombre,Heterosexual or straight,,,,,,,,White,,
,,,,Europe,,,,,0,male,Heterosexual or straight,,,,,,,,White,,
,,,,,North America,,,,0,Male,Heterosexual or straight,,,,,,,,White,,
,,,,,North America,,,,0,male,Heterosexual or straight,,,Asian,,,,,White,,
,,,,,North America,,,,0,non-binary,LBGTQIA+,,,,,,,,White,,
,,,,Europe,,,,,0,Male,Prefer not to answer,,,,,,,,White,,
,,,,Europe,,,,,0,Male,Heterosexual or straight,,,,,,,,White,,
,,,,,North America,,,,0,Male,Heterosexual or straight,,,,Black or African American,,,,,"Some other race, ethnicity, or origin",
,,Asia,,,,,,,0,Male,Heterosexual or straight,,,,,,,,White,,
,,Asia,,,,,,,0,Male,Heterosexual or straight,,,,,,,,White,,
,,,Oceania,,,,,,1,Male,Heterosexual or straight,,,,,,,,White,"Some other race, ethnicity, or origin",
,,,,,North America,,,,0,Male,Heterosexual or straight,,,,,,,,White,,
,,Asia,,,,,,,0,Female,Prefer not to answer,,,Asian,,,,,,,
,,,,,North America,,,,0,Male,Heterosexual or straight,,,,,"Hispanic, Latino, or Spanish origin",,,,,
,,,,,North America,,,,0,Woman,Heterosexual or straight,,,,,,,,White,,
,,,,,North America,,,,0,Apache Helicopter,LBGTQIA+,,,,,,,,White,,
,,Asia,,,,,,,,male,Prefer not to answer,,,Asian,,,,,,,
,,,,Europe,,,,,0,male,Heterosexual or straight,,,,,,,,,"Some other race, ethnicity, or origin",
,,,,Europe,,,,,0,,Prefer not to answer,,,,,,,,White,,
,,,,Europe,,,South America,,0,Woman,Heterosexual or straight,,,,,"Hispanic, Latino, or Spanish origin",,,,,
,,,,Europe,,,,,0,Male,Heterosexual or straight,,,,,,,,White,,
,,,,,,,,,,,,,,,,,,,,,
,,,,,North America,,,,0,Male,Heterosexual or straight,,,,,,,,White,,
,,,,,North America,,,,0,Man,Heterosexual or straight,,,,,,,,White,,
,,,,,North America,,,,0,💩,Heterosexual or straight,,,,,,,,White,,
,,,,,,,,,,,,,,,,,,,,,
,,,Oceania,,,,,,0,Male,,,,,,,,,White,,
,,,,,,,South America,,0,,Heterosexual or straight,,,,,,,,White,,
,,,,,North America,,,,0,male,Heterosexual or straight,,,,,,,,White,,
,,,,,North America,,,,0,male,Heterosexual or straight,,,,,,,,White,,
,,,,,North America,,,,0,Male,Heterosexual or straight,,,,,,,,White,,
,,,,Europe,,,,,0,,Prefer not to answer,,,,,"Hispanic, Latino, or Spanish origin",,,White,,
,,,,Europe,,,,,0,Male,LBGTQIA+,,,,,,,,White,,
,,,,Europe,,,,,0,,Heterosexual or straight,,,,,"Hispanic, Latino, or Spanish origin",,,,,
,,,,Europe,,,,,0,Male,Heterosexual or straight,,,,,,,,White,,
,,,,Europe,,,,,0,Male,Heterosexual or straight,,,,,,,,White,,
,,,,Europe,,,,,0,Male,LBGTQIA+,,,,,,,,White,,
,,,,,North America,,,,0,male,Heterosexual or straight,,,,,,,,White,,
,,,,Europe,,,,,0,Male,Heterosexual or straight,,,,,,,,White,,
,,,,Europe,,,,,0,male,Prefer not to answer,,,,,,,,,,Prefer not the answer
,,,,Europe,,,,,0,Male,Heterosexual or straight,,,,,"Hispanic, Latino, or Spanish origin",,,,,
,,,,Europe,,,,,0,male,Heterosexual or straight,,,,,,,,White,,
,,,,,North America,,,,0,Male,Heterosexual or straight,,,,,,,,White,,
,Africa,,,,,,,,0,Male,Heterosexual or straight,,,,,,,,White,,
,,,,,North America,,,,0,Male,Heterosexual or straight,,,Asian,,,,,,,
,,,,Europe,,,,,0,male,Heterosexual or straight,,,,,,,,White,,
,,,,,North America,,,,0,male,Heterosexual or straight,,,,,,,,White,,
,,,,,North America,,,,0,Male,Heterosexual or straight,,,,,,,,White,,
,,,,,North America,,,,0,Male,Heterosexual or straight,,,,,,,,White,,
,,Asia,,,,,,,0,Attack helicopter,Heterosexual or straight,,,,,,,,,"Some other race, ethnicity, or origin",
,,Asia,,Europe,,,,,0,Male,Prefer not to answer,,,,,,,,White,,
,,,,,North America,,,,0,Male,Heterosexual or straight,,,Asian,,,,,,,
,,,,,North America,,,,0,Male,Heterosexual or straight,,,,,,,,White,,
,,,,,North America,,,,0,Male,Heterosexual or straight,,,,,,,,White,,Prefer not the answer
,,,,,,,,,,,,,,,,,,,,,
,,,,,North America,,,,0,Male,Heterosexual or straight,,,,,,,,White,,
,,,,Europe,,,,,0,Male,Heterosexual or straight,,,,,,,,White,,
,,,,,,,,,,,,,,,,,,,,,
,,,,,North America,,,,0,Male,Heterosexual or straight,,,,,,,,White,,
,,,,,North America,,,,0,Male,Heterosexual or straight,,,,,,,,White,,
,,,,,North America,,,,0,male,Heterosexual or straight,,,,,,,,White,,
,,,,Europe,,,,,0,Male,Heterosexual or straight,,,,,,,,White,,
,,,,,North America,,,,0,Nonpracticing Male,Heterosexual or straight,,,,,,,,White,,
,Africa,,,,,,,,0,Male,Heterosexual or straight,,,,,,,,,"Some other race, ethnicity, or origin",
,,,,,North America,,,,0,none,Prefer not to answer,,,,,,,,,,Prefer not the answer
,,,,,North America,,,,0,Males,Heterosexual or straight,,,,,,,,White,,
,,,,,North America,,,,0,Male,Heterosexual or straight,,,,,,,,White,,
,,,,Europe,,,,,0,male,LBGTQIA+,,,,,,,,White,,
,,,,,North America,,,,0,Male,Heterosexual or straight,,,,,"Hispanic, Latino, or Spanish origin",,,,,
,,,,Europe,,,,,0,male,Heterosexual or straight,,,,,,,,White,,
,,,,,North America,,,,0,Male,Heterosexual or straight,,,,,,,,White,,
,,,,,,,South America,,0,male,Heterosexual or straight,,,,,"Hispanic, Latino, or Spanish origin",,,White,,
,,,Oceania,,,,,,0,Male,Heterosexual or straight,,,,,,,,White,,
,,,,,North America,,,,0,Male,LBGTQIA+,,,,,,,,White,,
,,,,Europe,North America,,,,0,,Heterosexual or straight,,,,,,,,White,,
,,,,,North America,,South America,,0,Male,Heterosexual or straight,,,,,"Hispanic, Latino, or Spanish origin",,,,,
,,,,,North America,,,,0,female,Heterosexual or straight,,,,,,,,White,,
,,,,Europe,,,,,0,,,,,,,,,,,,
,,,,,North America,,,,0,Male,Heterosexual or straight,,,,,,,,White,,
,,,,,North America,,,,0,Male,Heterosexual or straight,,,,,,,,White,,
,,,,,North America,,,,0,Female,Heterosexual or straight,,,,,,,,White,,
,,,,Europe,,,,,0,Male,Heterosexual or straight,,,,,,,,White,,
,,,,,North America,,,,0,Male,Prefer not to answer,,,,,,,,,,Prefer not the answer
,,,,,North America,,,,0,Male,Heterosexual or straight,,,,,,,,White,,
,,,,Europe,,,,,0,Male,Heterosexual or straight,,,,,,,,White,,
,,,,,North America,,,,0,Male,Heterosexual or straight,,,,,,,,White,,
,,,,Europe,,,,,0,,,,,,,,,,White,,
,,,,,North America,,,,0,Male,Heterosexual or straight,,,,,,,,White,,
,,,,,North America,,,,0,Male,Heterosexual or straight,,,,,,,,White,,
,,,,,North America,,,,0,male,Heterosexual or straight,,,,,"Hispanic, Latino, or Spanish origin",,,White,,
,,,,,North America,,,,0,Male,Heterosexual or straight,,,,,,,,White,,
,,,,,North America,,,,0,Male,Heterosexual or straight,,,,,,,,White,,
,,Asia,,,,,,,0,male,Heterosexual or straight,,,Asian,,,,,,,
,,,,,North America,,,,0,male,Prefer not to answer,,,,,,,,,,Prefer not the answer
,,,,Europe,,,,,0,Male,Heterosexual or straight,,,,,,,,White,,
,,,,Europe,,,,,0,Male,Heterosexual or straight,,,,,,,,White,,
,,,,Europe,,,,,0,Male,Heterosexual or straight,,,,,,,,White,,
,,Asia,,,,,,,0,Male,Prefer not to answer,,,Asian,,,,,,,
,,,,,North America,,,,0,xer,Heterosexual or straight,,,,,,,,,,
,,,,,North America,,,,0,Male,Heterosexual or straight,,,,,,,,White,,
,,,,,North America,,,,0,Male,Heterosexual or straight,,,,,,,,White,,
,,,,,,,South America,,0,Male,Heterosexual or straight,,,,,"Hispanic, Latino, or Spanish origin",,,,,
,,Asia,,,,,,,0,Male,Prefer not to answer,,,Asian,,,,,,,
,,,,,North America,,,,0,Male,Heterosexual or straight,,,Asian,,,,,,,
,,Asia,,,,,,,0,,Prefer not to answer,,,Asian,,,,,,,
,,,,,North America,,,,0,Female,Heterosexual or straight,,,,,,,,White,,
,,,,,North America,,,,0,Male,Heterosexual or straight,,,,,,,,White,,
,,,,,North America,,,,,male,Heterosexual or straight,,,Asian,,,,,,,
,,,,,North America,,,,0,Female,LBGTQIA+,,,Asian,,,,,,,
,,,,,North America,,,,0,"Really? What are trying to get at? There are only two genders. Male and female. ""In the beginning God created them male and female."" Gender identity is completly made up and false. If you believe not what God has said, at least remain consistent and appeal to biology.",Heterosexual or straight,,,,,,,,White,,
,,,,Europe,,,,,,,Prefer not to answer,,,,,,,,,,Prefer not the answer
,,,,,North America,,,,1,male,Heterosexual or straight,,,,,,,,White,,
,,,,,North America,,,,0,Male,LBGTQIA+,,,,,"Hispanic, Latino, or Spanish origin",,,White,,
,,,,,North America,,,,0,Male,LBGTQIA+,,,,,,,,White,,
,,Asia,,,,,,,0,Male,Heterosexual or straight,,,Asian,,,,,,,
,,,,,North America,,,,0,Male,Heterosexual or straight,,,,,,,,White,,
,,,,Europe,,,,,0,Male,Heterosexual or straight,,,,,,,,White,,
,,,,,North America,,,,0,Male,Heterosexual or straight,,,,,,,,White,,
,,,,,,,,,,,,,,,,,,,,,
,,,,,North America,,,,0,Male,Heterosexual or straight,,,,,,,,White,,
,,,,Europe,,,,,0,Male,Heterosexual or straight,,,,,,,,White,,
,,,,Europe,,,,,0,Male,Heterosexual or straight,,,,,,,,White,,
,,,,,North America,,,,0,Male,Heterosexual or straight,,,,,,,,White,,
,,,,,North America,,,,0,TRUE,Heterosexual or straight,,,,,,,,White,,
,,,,,North America,,,,0,Cis male,LBGTQIA+,,,,,,,,White,,
,,,,,,,,,,,,,,,,,,,,,
,,,,,North America,,,,0,Male,Heterosexual or straight,,,,,,,,White,,
,,,,Europe,,,,,0,Male,Heterosexual or straight,,,,,"Hispanic, Latino, or Spanish origin",,,,,
,,,,Europe,,,,,0,male,Heterosexual or straight,,,,,,,,White,,
,,,,Europe,,,,,0,Male,Heterosexual or straight,,,,,,,,White,,
,,,,,North America,,,,0,male,Heterosexual or straight,,,,,,,,White,,
,,,,Europe,,,,,0,Male,Prefer not to answer,,,,,,,,,,Prefer not the answer
,,,,Europe,,,,,0,Male,Heterosexual or straight,,,,,,,,White,,
,,,Oceania,,,,,,0,Male,Heterosexual or straight,,,,,,,,White,,
,,,,,North America,,,,0,,Heterosexual or straight,,,,,,,,White,,
,,,,,North America,,,,0,Male,Heterosexual or straight,,,,,,,,White,,
,,,,Europe,,,,,0,Male,Heterosexual or straight,,,,,,,,White,,
,,,,Europe,,,,,0,Male,Heterosexual or straight,,,,,,,,White,,
,,,,,,,,,,,,,,,,,,,,,
,,,,,North America,,,,1,trans woman,LBGTQIA+,,,,,,,,White,,
,,,,Europe,,,,,0,,,,,,,,,,White,,
,,,,,North America,,,,0,Male,Heterosexual or straight,,,,,,,,White,,
,,,,,North America,,,,0,male,Heterosexual or straight,,,,,,,,White,,
,,,,Europe,,,,,0,m,Heterosexual or straight,,,,,,,,White,,
,,Asia,,,,,,,0,male,Prefer not to answer,,,,,,,,,,Prefer not the answer
,,,,,North America,,,,0,Male,Heterosexual or straight,,,,,,,,White,,
,,,,Europe,,,,,0,Male,Heterosexual or straight,,,,,,,,White,,
,,,,,North America,,,,0,Male,Heterosexual or straight,,,,,"Hispanic, Latino, or Spanish origin",,,,,
,,,,Europe,,,South America,,0,Male,Heterosexual or straight,,,,,"Hispanic, Latino, or Spanish origin",,,,,
,,,,,,,South America,,0,Male,Heterosexual or straight,,,,,"Hispanic, Latino, or Spanish origin",,,,,
,,,,Europe,,,,,0,Male,Heterosexual or straight,,,,,,,,White,,
,,Asia,,,,,,,0,Male,Heterosexual or straight,,,Asian,,,,,,,
,,,,,,,South America,,0,Male,Heterosexual or straight,,,,,"Hispanic, Latino, or Spanish origin",,,White,,
,,,,Europe,,,,,0,,,,,,,,,,White,,
,,,,,,,South America,,0,Male,Heterosexual or straight,,,,,"Hispanic, Latino, or Spanish origin",,,,,
,,,,,North America,,,,0,Male,Heterosexual or straight,,,,,,,,White,,
,,,,,North America,,,,0,Male,Heterosexual or straight,,,,,,,,White,,
,,,,Europe,,,,,0,Male,Heterosexual or straight,,,,,,,,White,,
,,,,,North America,,,,0,Male,Heterosexual or straight,,,,,,,,White,,
,,,,Europe,,,,,0,Male,Heterosexual or straight,,,,,,,,White,,
,,,,Europe,,,,,0,male,Heterosexual or straight,,,,,,,,,,Prefer not the answer
,,,,,North America,,,,0,Male,Heterosexual or straight,,,,,,,,White,,
,,,,Europe,,,,,0,Male,Heterosexual or straight,,,,Black or African American,,,,,,
,,,,,North America,,,,0,Male,Heterosexual or straight,,,,,,,,White,,
,,,,,North America,,,,0,Male,Heterosexual or straight,,,,,,,,White,,
,,,,,North America,,,,0,,Prefer not to answer,,,,,,,,,,Prefer not the answer
,,,,Europe,,,,,0,Male,Heterosexual or straight,,,,,,,,White,,
,,,,Europe,,,,,0,male,Prefer not to answer,,,,,,,,White,,
,,,,,North America,,,,0,Male,Heterosexual or straight,,,,,,,,White,,
,,,,Europe,,,,,0,Male,Heterosexual or straight,,,,,,,,White,,
,,,,,North America,,,,0,Male,Heterosexual or straight,,,,,,,,White,"Some other race, ethnicity, or origin",
,,,,,North America,,,,0,,Prefer not to answer,,,,,,,,,,Prefer not the answer
,,,,,,,South America,,0,Male,Heterosexual or straight,,,,,,,,White,,
,,,,,North America,,,,0,Male,Heterosexual or straight,,,,,,,,White,,
,,,,,,,,,,,,,,,,,,,,,
,,,,Europe,,,,,0,male,LBGTQIA+,,,,,,,,White,,
,,,,,North America,,,,0,Male,Heterosexual or straight,,,Asian,,,,,White,,
,,,,Europe,,,,,0,Male,Heterosexual or straight,,,,,,,,White,,
,,,,Europe,,,,,0,,Heterosexual or straight,,,,,,,,White,,
,,,,,North America,,,,0,M,Heterosexual or straight,,,Asian,,,,,,,
,,,,,North America,,,,0,female,Heterosexual or straight,,,,Black or African American,,,,,,
,,,,Europe,,,,,0,Male,Heterosexual or straight,,,,,,,,White,,
,,,,,North America,,,,0,Male,Heterosexual or straight,,,,,,,,White,,
,,,,Europe,,,,,0,,Prefer not to answer,,,,,,,,,,Prefer not the answer
,,,,,North America,,,,0,Male,Heterosexual or straight,,,,,,,,White,,
,,,,Europe,,,,,0,,Heterosexual or straight,,,,,,,,White,,
,,,,,North America,,,,0,Male,Heterosexual or straight,,,,,,,,White,,
,,,,,North America,,,,0,Male,Heterosexual or straight,,,,,,,,,,
,,Asia,,,,,,,0,Male,Heterosexual or straight,,,,,,Middle Eastern or North African,,,,
,,,,Europe,,,,,0,Male,Heterosexual or straight,,,,,,,,White,,
,,,,,North America,,,,0,Male,Heterosexual or straight,,,,,,,,White,,
,,,,,North America,,,,0,Male,Heterosexual or straight,,,,,,,,White,,
,,Asia,,,,,,,0,Male,Prefer not to answer,,,,,,,,,,Prefer not the answer
,,,,Europe,,,,,0,Male,Heterosexual or straight,,,,,,,,White,,
,,,,,North America,,,,0,male,Heterosexual or straight,,,,,,,,White,,
,,,,,North America,,,,0,Male,Heterosexual or straight,,,,,,,,White,,
,,,,Europe,,,,,0,,,,,,,,,,White,,
,,Asia,,,,,,,0,Male,Heterosexual or straight,,,Asian,,,,,,,
,,,,Europe,,,,,0,male,Prefer not to answer,,,,,,,,,,Prefer not the answer
,,,,,North America,,,,0,Male,Heterosexual or straight,,,Asian,,,,,,,
,,,,,,,South America,,0,Male,Heterosexual or straight,,,,,"Hispanic, Latino, or Spanish origin",,,,,
,,,,Europe,,,,,0,Male,Heterosexual or straight,,,,,,,,White,,
,,Asia,,,,,,,0,MALE,Prefer not to answer,,,Asian,,,,,,,
,,,,,North America,,,,0,Male,Heterosexual or straight,,,,,,,,White,,
,,,,Europe,,,,,0,Male,Heterosexual or straight,,,,,,,,White,,
,,,,Europe,,,,,0,Male,Heterosexual or straight,,,,,,,,White,,
,,,,,North America,,,,0,,Heterosexual or straight,,,,,,,,White,,
,,,,,North America,,,,0,Male,Heterosexual or straight,,,,,,,,White,,
,,,,,North America,,,,0,Male,Heterosexual or straight,,,,,,,,White,,
,,,,,North America,,,,0,boy,Heterosexual or straight,,,,,,,,,,Prefer not the answer
,,Asia,,,,,,,0,male,Heterosexual or straight,,,,,,,,White,,
,,,,,North America,,,,0,M,Prefer not to answer,,,,,,,,White,,
,,,,Europe,,,,,0,Male,Heterosexual or straight,,,,,,,,,,Prefer not the answer
,,,,,,,South America,,0,Men,Prefer not to answer,,,,,,,,,"Some other race, ethnicity, or origin",
,,,,Europe,,,,,0,,,,,,,,,,,,
,,,,,North America,,,,0,Male,Heterosexual or straight,,,,,,,,White,,
,,,,Europe,,,,,0,male,Heterosexual or straight,,,,,,Middle Eastern or North African,,,,
,,,,,North America,,,,0,male,Heterosexual or straight,,,,,,,,White,,
,,,,,North America,,,,0,Male,Heterosexual or straight,,,,,,,,White,,
,,,,,North America,,,,0,Man,Heterosexual or straight,,,Asian,,,,,White,,
,,,,Europe,North America,,,,0,,Heterosexual or straight,,,,,"Hispanic, Latino, or Spanish origin",,,,,
,,,,Europe,,,,,0,M,Prefer not to answer,,,,,,,,,,Prefer not the answer
,,,,Europe,,,,,0,male,Prefer not to answer,,,,,,,,White,,
,,,,Europe,,,,,0,male,Heterosexual or straight,,,,,,,,White,,
,,,,Europe,,,,,0,male,Prefer not to answer,,,,,,,,White,,
,,,,,North America,,,,0,male,Heterosexual or straight,,,Asian,,,,,,,
,,,,,North America,,,,0,Male,Heterosexual or straight,,,,,"Hispanic, Latino, or Spanish origin",,,,,
,,,,,North America,,,,0,Male,Heterosexual or straight,,,,,,,,White,,
,,,,Europe,,,,,0,,Heterosexual or straight,,,,,,,,White,,
,,,,,,,,,,,,,,,,,,,,,
,,,,,North America,,,,0,Male,Heterosexual or straight,,,,,,,,White,,
,,,,Europe,,,,,0,Man,Heterosexual or straight,,,,,,,,White,,
,,,,,North America,,,,0,Male,Heterosexual or straight,,,,,,,,White,,
,,,,Europe,,,,,0,male,Heterosexual or straight,,,,,,,,White,,
,,,,,North America,,,,0,Male,Heterosexual or straight,,,,,,,,White,,
,,,,Europe,,,,,0,Male,Heterosexual or straight,,,,,,,,White,,
,,,,,North America,,,,1,Male,Heterosexual or straight,,,,,,,,White,,
,,,,,North America,,,,0,pre-op trans-centaur,Heterosexual or straight,,,,,,,,,,Prefer not the answer
,,,,,North America,,,,0,male,Heterosexual or straight,,,,,,,,White,,
,,,,Europe,,,,,0,,,,,,,,,,,,
,,,,,North America,,,,0,Spicy,Heterosexual or straight,,,,,,,,White,,
,,Asia,,,,,,,0,male,Heterosexual or straight,,,Asian,,,,,,,
,,,,,North America,,,,0,Male,Heterosexual or straight,,,,,"Hispanic, Latino, or Spanish origin",,,,,
,,,,Europe,,,,,0,Male,Heterosexual or straight,,,,,,,,White,,
,,,,,,,South America,,0,M,Heterosexual or straight,,,,,"Hispanic, Latino, or Spanish origin",,,,,
,,,,,North America,,,,0,male,Heterosexual or straight,,,,,,,,White,,
,,,,,North America,,,,0,,,,,,,,,,White,,
,,,,,,,,,,,,,,,,,,,,,
,,,,Europe,,,,,0,Male,Heterosexual or straight,,,,,,,,White,,
,,,,,North America,,,,0,male,Heterosexual or straight,,,,,,,,White,,
,,,,Europe,,,,,0,male,Heterosexual or straight,,,,Black or African American,,,,,,
,,,Oceania,,,,,,0,,,,,,,,,,,,
,,,,,North America,,,,0,Male,Heterosexual or straight,,,,,,,,White,,
,,,Oceania,,,,,,0,Should not apply,Heterosexual or straight,,,,,,,,White,,
,,,,,North America,,,,0,,Heterosexual or straight,,,Asian,,,,,,,
,,Asia,,,,,,,0,,,,,Asian,,,,,,,
,,Asia,,,,,,,0,Male,Heterosexual or straight,,,Asian,,,,,,,
,,,Oceania,,,,,,0,Male,Heterosexual or straight,,,,,,,,White,,
,,,,Europe,,,,,0,Dinosaur,LBGTQIA+,,,,,"Hispanic, Latino, or Spanish origin",,,,,
,,,,,North America,,,,0,,Prefer not to answer,,,,,,,,,,Prefer not the answer
,,,,Europe,,,,,0,,,,,,,,,,,,
,,Asia,,,,,,,0,male,Heterosexual or straight,,,Asian,,,,,,,
,,,,Europe,,,,,0,,,,,,,,,,,,
,,,,Europe,,,,,0,Male,Prefer not to answer,,,,,,,,,,Prefer not the answer
,,,,,,,,,,,,,,,,,,,,,
,,Asia,,,,,,,0,Male,Heterosexual or straight,,,,,,,,,"Some other race, ethnicity, or origin",
,,,,Europe,,,,,0,male,Heterosexual or straight,,,,,,,,White,,
,,,,,North America,,,,0,,,,,,,,,,,,
,,Asia,,,,,,,0,Male,Heterosexual or straight,,,Asian,,,,,,,
,,,,Europe,,,,,0,Male,Heterosexual or straight,,,,,,,,White,,
,,,,,North America,,,,0,Male,Heterosexual or straight,,,,,,,,White,,
,,,,Europe,,,,,0,male,Heterosexual or straight,,,,,,,,White,,
,,,,,North America,,,,0,male,Heterosexual or straight,,,Asian,,,,,,,
,,,Oceania,,,,,,0,Male,Heterosexual or straight,,,,,,,,White,,
,,,,,North America,,,,0,Male,Heterosexual or straight,,,,,,,,White,,
,,,,Europe,,,,,0,Male,Heterosexual or straight,,,,,,,,White,,
,,,,,North America,,,,0,Male,Heterosexual or straight,,,,,"Hispanic, Latino, or Spanish origin",Middle Eastern or North African,,White,,
,,,,Europe,,,,,0,Male,Heterosexual or straight,,,,,,,,White,,
,,,,Europe,,,,,0,N/A,Heterosexual or straight,,,,,,,,White,,
,,,,Europe,,,,,,,Prefer not to answer,,,,,,,,,,Prefer not the answer
,,,,Europe,,,,,0,,Prefer not to answer,,,,,,,,,,Prefer not the answer
,,,,,North America,,,,,Male,Heterosexual or straight,,,,,,,,White,,
,,,,Europe,,,,,0,woman,Heterosexual or straight,,,,,,,,White,,
,,,,,North America,,,,0,Male,Heterosexual or straight,,,,,,,,White,,
,,,,,North America,,,,0,Male,Heterosexual or straight,,,,,,,,White,,
,,,,,North America,,,,0,Male,Heterosexual or straight,,,,,,,,White,,
,,,,,North America,,,,0,Male,Heterosexual or straight,,,,,,,,White,,
,,,,,North America,,,,0,male,Heterosexual or straight,,,,,,,,White,,
,,,,,North America,,,,0,m,Heterosexual or straight,,,,,,Middle Eastern or North African,,,,
,,,Oceania,,,,,,0,Male,Heterosexual or straight,,,,,,,,White,,
,,,,,North America,,,,0,Male,LBGTQIA+,,,,,,,,White,,
,,,,,North America,,,,0,Male,Heterosexual or straight,,,,,,,,White,,
,,,,Europe,North America,,,,0,Male / curious,,,,,,,,,White,"Some other race, ethnicity, or origin",
,,,,,North America,,,,0,Male,Heterosexual or straight,,,Asian,,,,,,,
,,,,,North America,,,,0,Male,Heterosexual or straight,,,,,,,,White,,
,,,,,North America,,,,0,Male,Heterosexual or straight,,,,,,,,White,,
,,Asia,,,,,,,0,Male,Heterosexual or straight,,,,,,,,White,,
,,,,,North America,,,,0,male,Heterosexual or straight,,,,,,,,White,,
,,,,,North America,,,,0,Male,Heterosexual or straight,,,,,,,,White,,
,,,,Europe,,,,,0,Male,Heterosexual or straight,,,,,,,,White,,
,,,,,North America,,,,0,Male,Heterosexual or straight,,,,,,,,White,,
,,,,,North America,,,,0,Female,Heterosexual or straight,,,,,,,,White,,
,,,,,North America,,,,1,male,LBGTQIA+,,,,,,,,White,,
,,,,Europe,,,,,0,Male,Heterosexual or straight,,,,,,,,White,,
,,,,Europe,,,,,0,Male,Heterosexual or straight,,,,,,,,White,,
,,,,,North America,,,,0,Male,Heterosexual or straight,,,,,,,,White,,
,,,,,North America,,,,0,female,Heterosexual or straight,,,Asian,,,,,White,,
,,,,Europe,,,,,0,non-binary trans,LBGTQIA+,,,,,"Hispanic, Latino, or Spanish origin",,,White,,
,,,,Europe,,,,,0,male,Heterosexual or straight,,,,,,,,White,,
,,,,,North America,,,,0,Male,Heterosexual or straight,,,,,,,,White,,
,,,,,North America,,,,0,female,Heterosexual or straight,,,,,,,,White,,
,,,,Europe,,,,,0,male,Heterosexual or straight,,,,,,,,White,,
,,,Oceania,,,,,,0,Female,Heterosexual or straight,,,,,,,,White,,
,,,,Europe,,,,,0,male,Heterosexual or straight,,,,,"Hispanic, Latino, or Spanish origin",,,,,
,,,,Europe,,,,,0,male,Heterosexual or straight,,,,,,,,White,"Some other race, ethnicity, or origin",
,,,,Europe,,,,,0,Male,Heterosexual or straight,,,,,"Hispanic, Latino, or Spanish origin",,,,,
,,,,,North America,,,,0,Female,Heterosexual or straight,,,,,,,,White,,
,,,,Europe,,,,,0,Male,Heterosexual or straight,,,,,,,,White,,
,,,,,North America,,,,0,Male,LBGTQIA+,,,,,,,,White,,
,,,,,North America,,,,0,Male,Heterosexual or straight,,,,,,,,White,,
,,,,,,Central America,,,0,Male,Heterosexual or straight,,,Asian,,,,,,,
,,,,,North America,,,,0,male,LBGTQIA+,,,,,,,,White,,
,,,,,,,,,0,"Male (current, really? People make this gender thing too complicated these days. Have to use male toilet and that won't change naturally.)",Heterosexual or straight,,,,,,,,,"Some other race, ethnicity, or origin",
,,,,,,,South America,,0,Straight Male,Heterosexual or straight,,,,,"Hispanic, Latino, or Spanish origin",,,,,
,,Asia,,,,,,,0,Male,Heterosexual or straight,,,,,,,,,"Some other race, ethnicity, or origin",
,,,,Europe,,,,,0,Male,Heterosexual or straight,,,,,,,,White,,
,,,,,North America,,,,0,Male,Heterosexual or straight,,,,,,,,White,,
,,,,,North America,,,,0,Male,Heterosexual or straight,,,,,,,,White,,
,,,,,North America,,,,0,Male,Heterosexual or straight,,,,,,,,White,,
,,,,,North America,,,,0,Male,Heterosexual or straight,,,,,,,,,,Prefer not the answer
,,,,,North America,,,,1,Male,LBGTQIA+,,,,,,,,White,,
,,,,Europe,,,,,0,,Prefer not to answer,,,,,,,,,,Prefer not the answer
,,,,,North America,,,,0,,Prefer not to answer,,,,,,,,,,Prefer not the answer
,,,,,North America,,,,0,Male,Heterosexual or straight,,,,,,,,White,,
,,,,,North America,,,,0,male,Heterosexual or straight,,,,,,,,White,,
,,,,Europe,,,,,0,Male,Heterosexual or straight,,,,,,,,White,,
,,,,,North America,,,,,,,,,,,,,,,,
,,,,Europe,,,,,0,male,Heterosexual or straight,,,,,,,,White,,
,,,,,North America,,,,0,m,Heterosexual or straight,,,,,,,,White,,
,,,,,North America,,,,0,Male,Heterosexual or straight,,,,,,,,White,,
,,,,,North America,,,,0,Male,Heterosexual or straight,,,,,,,,White,,
,,,,,North America,,,,0,male,Heterosexual or straight,,,,,,,,White,,
,,,,,,,,,,,,,,,,,,,,,
,,,,Europe,,,,,0,Male,Heterosexual or straight,,,,,,,,White,,
,,,,Europe,,,,,0,male,Heterosexual or straight,,,,,"Hispanic, Latino, or Spanish origin",,,White,,
,,,,Europe,,,,,0,Male,Heterosexual or straight,,,,,,,,White,,
,,,,Europe,,,,,0,Male,,,,,,,,,White,,
,,Asia,,,,,,,0,Male,Heterosexual or straight,,,Asian,,,,,,,
,,,,,North America,,,,0,Male,Heterosexual or straight,,,,,,,,White,,
,,,,Europe,,,,,0,Male,Heterosexual or straight,,,,,,,,White,,
,,,,,North America,,,,0,Male,Heterosexual or straight,,,,,,,,White,,
,,,,,North America,,,,0,Male,Heterosexual or straight,,,,,,,,White,,
,,,,,North America,,,,0,Male,Heterosexual or straight,,,,,,,,White,,
,,Asia,,Europe,,,,,,Male,Heterosexual or straight,,,,,,,,White,,
,,,,,,Central America,,,0,Male,Heterosexual or straight,,,,,"Hispanic, Latino, or Spanish origin",,,,,
,,,,Europe,,,,,0,Male,Heterosexual or straight,,,,,,,,White,,
,,,,Europe,,,,,0,Male,Heterosexual or straight,,,,,,,,White,,
,,,,Europe,,,,,0,Male,Heterosexual or straight,,,,,,,,,,Prefer not the answer
,,Asia,,,,,,,0,male,Prefer not to answer,,,Asian,,,,,,,
,,,,,North America,,,,0,Male,Heterosexual or straight,,,,,,,,White,,
,,Asia,,,,,,,0,Male,Heterosexual or straight,,,Asian,,,,,,,
,,,,,North America,,,,0,Male,Heterosexual or straight,,,,,"Hispanic, Latino, or Spanish origin",,,,,
,,,,,North America,,,,0,Male,Heterosexual or straight,,,,,,,,White,,
,,,,,,,,,,,,,,,,,,,,,
,,,,,,Central America,,,0,,Heterosexual or straight,,,,,"Hispanic, Latino, or Spanish origin",,,,,
,,,,,North America,,,,0,Male,Heterosexual or straight,,,,,,,,White,,
,,,,,North America,,,,0,male,Heterosexual or straight,,,,,,,,White,,
,,,,,North America,,,,0,male,Heterosexual or straight,,,,,,,,White,,
,,,,,,,South America,,1,Male,Heterosexual or straight,,,,,"Hispanic, Latino, or Spanish origin",,,White,,
,,,,,North America,,,,0,Male,Heterosexual or straight,,,Asian,,,,,,,
,,,,,North America,,,,0,Male,Heterosexual or straight,,,,,,,,White,,
,,,,,North America,,,,0,,,,,,,,,,,,
,,,,,North America,,,,0,m,Prefer not to answer,,,,,,,,,,Prefer not the answer
,,,,Europe,,,,,0,m,Heterosexual or straight,,,,,,,,,,Prefer not the answer
,,,,,,,,,,,,,,,,"Hispanic, Latino, or Spanish origin",,,,,
,,,,,,,South America,,0,Male,Heterosexual or straight,,,,,"Hispanic, Latino, or Spanish origin",,,,,
,,,,Europe,,,,,0,,Prefer not to answer,,,,,,,,,,Prefer not the answer
,,,,,North America,,,,0,,Prefer not to answer,,,,,,,,,,Prefer not the answer
,,,,Europe,,,,,0,male,Heterosexual or straight,,,,,,,,,,Prefer not the answer
,,,,,,,,,,,,,,,,,,,,,
,,,,,North America,,,,0,male,Heterosexual or straight,,,,,,,,White,,
,,,Oceania,,,,,,0,Male,Heterosexual or straight,,,,,,,,White,,
,,,,,North America,,,,,,Heterosexual or straight,,,,,,,,White,,
,,,,,North America,,,,0,Male,LBGTQIA+,,,,,,,,White,,
,,,,,North America,,,,0,tepid,Prefer not to answer,,,,,,,,,,Prefer not the answer
,,,,,North America,,,,0,Male,Heterosexual or straight,,,Asian,,,,,White,,
,,,,Europe,,,,,0,male,Prefer not to answer,,,,,,,,,,Prefer not the answer
,,,,Europe,,,,,0,male,Heterosexual or straight,,,,,,,,White,,
,,,,,North America,,,,0,male,LBGTQIA+,,,,,,,,White,,
,,,,,North America,,,,0,Male,Heterosexual or straight,,,,,,,,White,,
,,,,,,,,,,,,,,,,,,,,,
,,,,Europe,,,,,0,X,Prefer not to answer,,,,,,,,,,Prefer not the answer
,,,,,North America,,,,0,Male,Prefer not to answer,,,Asian,,,,,,,
,,,,Europe,,,,,0,Male,Heterosexual or straight,,,,,,,,White,,
,,,,,North America,,,,0,Masculine,Heterosexual or straight,,,,,,,,White,,
,,,,,,,,Middle East - Israel,0,Male,Heterosexual or straight,,,,,,Middle Eastern or North African,,,,
,,,Oceania,,,,,,,Male,Heterosexual or straight,,,,,,,,White,,
,,,,Europe,,,,,0,Male,Heterosexual or straight,,,,,,,,White,,
,,,,,North America,,,,0,Male,Heterosexual or straight,,,,,"Hispanic, Latino, or Spanish origin",,,,,
,,,,,North America,,,,0,Male,Heterosexual or straight,,,,,,,,White,,
,,,,,North America,,,,0,Woman,LBGTQIA+,,,,,,,,White,,
,,,,Europe,,,,,0,Male,Heterosexual or straight,,,,,,,,White,,
,,Asia,,,,,,,0,,Prefer not to answer,,,Asian,,,,,,,
,,,,,North America,,,,0,Male,Heterosexual or straight,,,,,,,,White,,
,,,,,North America,,,,0,Male,Heterosexual or straight,,,,,"Hispanic, Latino, or Spanish origin",,,,,
,,,,,North America,,,,0,M,Heterosexual or straight,,,,,,,,White,,
,,,,,,,,,,,,,,,,,,,,,
,,,,,North America,,,,0,male,Heterosexual or straight,,,,,,,,White,,
,,,,Europe,,,,,0,,Heterosexual or straight,,,,,,,,White,,
,,,,Europe,,,,,0,Man,Heterosexual or straight,,,,,,,,White,,
,,Asia,,,,,,,0,male,Prefer not to answer,,,Asian,,,,,,,
,,,,,North America,,,,0,,,,,,,,,,,,Prefer not the answer
,,Asia,,,,,,,0,M,Heterosexual or straight,,,Asian,,,,,,,
,,,,,North America,,,,0,Male,Heterosexual or straight,,,,,,,,White,,
,,,,Europe,,,,,0,,,,,,,,,,White,,
,,,,,,,South America,,0,Male,Heterosexual or straight,,,,,,,,White,,
,,,,,North America,,,,0,Male,Heterosexual or straight,,,,,,,,White,,
,,Asia,,,,,,,0,Male,Prefer not to answer,,,Asian,,,,,,,
,,,,,North America,,,,0,Male,Heterosexual or straight,,,,,,,,White,,
,,,,,North America,,,,,,,,,,,,,,,,
,,,,Europe,,,,,0,,,,,,,,,,,,
,,,,,North America,,,,0,Male,Heterosexual or straight,,,,,,,,White,,
,,,,Europe,,,,,0,relevance?,,relevance?,,,,,,,,"Some other race, ethnicity, or origin",
,,,,Europe,,,,,0,Male,Heterosexual or straight,,,,,,,,White,,
,,,,Europe,,,,,0,male,Heterosexual or straight,,,,,,,,White,,
,,,Oceania,,,,,,0,what kind of question is this one??,Heterosexual or straight,,,,,"Hispanic, Latino, or Spanish origin",,,,,
,,,,Europe,,,,,0,Male,Heterosexual or straight,,,,,,,,White,,
,,,,Europe,,,,,0,Man,Heterosexual or straight,,,,,,,,White,,
,,,,Europe,,,,,0,Male,Heterosexual or straight,,,,,,,,White,,
,,,,Europe,,,,,0,Male,Heterosexual or straight,,,,,,,,White,,
,,,,Europe,,,,,0,Male,Heterosexual or straight,,,,,,,,White,,
,,,,,North America,,,,0,male,Heterosexual or straight,,,,,,,,White,,
,,,,,North America,,,,0,Male,Heterosexual or straight,,,,,"Hispanic, Latino, or Spanish origin",,,,,
,,,,,North America,,,,0,Male,Heterosexual or straight,,,,,"Hispanic, Latino, or Spanish origin",,,,,
,,,,,North America,,,,0,Male,Heterosexual or straight,,,,,,,,White,,
,,,,Europe,,,,,0,Male,Heterosexual or straight,,,,,,,,White,,
,,,,,North America,,,,0,Male,Heterosexual or straight,,,,,,,,White,,
,,Asia,,,,,,,0,Female,Prefer not to answer,,,Asian,,,,,,,
,,,,,North America,,,,0,,Prefer not to answer,,,Asian,,,,,,,
,,,,,North America,,,,0,Male,LBGTQIA+,,,Asian,,,,,,,
,,,,Europe,,,,,,Male,Heterosexual or straight,,,,,,,,White,,
,,Asia,,,,,,,0,,Prefer not to answer,,,Asian,,,,,,,
,,,,,North America,,,,0,Male,LBGTQIA+,,,,,,,,White,"Some other race, ethnicity, or origin",
,,,,Europe,,,,,0,Male,Heterosexual or straight,,,,,,,,White,,
,,,Oceania,,,,,,0,,,,,,,,,,White,,
,,,,Europe,,,,,0,,Heterosexual or straight,,,,,,,,White,,
,,,,,North America,,,,0,Male,Heterosexual or straight,,,,,,,,White,,
,,,,Europe,,,,,0,Male,Heterosexual or straight,,,,,,,,White,,
,,,,,North America,,,,0,Female,Heterosexual or straight,,,,,,,,White,,
,,,,,North America,,,,1,male,LBGTQIA+,,,Asian,,,,,,,
,,,,,North America,,,,0,Male,Heterosexual or straight,,,,,,,,White,,
,,,,,North America,,,,0,Male,Heterosexual or straight,,,,,,,,White,,
,,,,,North America,,,,0,Male,Heterosexual or straight,,,,,,Middle Eastern or North African,,,,
,,,,,North America,,,,0,Male,Heterosexual or straight,,,,,,,,White,,
,,Asia,,,,,,,,Male,Heterosexual or straight,,,,,,,,,"Some other race, ethnicity, or origin",
,,,,,,,South America,,0,Male,Heterosexual or straight,,,,,"Hispanic, Latino, or Spanish origin",,,,,
,,,,,North America,,,,0,Male,Heterosexual or straight,,,,Black or African American,,,,White,,
,,,,,North America,,,,0,Male,Heterosexual or straight,,,,,,,,White,,
,,,,Europe,,,,,0,male,Heterosexual or straight,,,,,,,,White,,
,,,,,North America,,,,0,Male,Heterosexual or straight,,,,,,,,White,,
,,,,,North America,,,,0,Male,Heterosexual or straight,,,Asian,,,,,,,
,,,,,North America,,,,0,Male,Heterosexual or straight,,,,,"Hispanic, Latino, or Spanish origin",,,,,
,,,,,North America,,,,0,male,Heterosexual or straight,,,,,,,,White,,
,,,,,North America,,,,0,Male,Heterosexual or straight,,,,,,,,White,,
,,,,,North America,,,,0,male,Prefer not to answer,,,,,,,,White,,
,,,,Europe,,,,,0,Male,Heterosexual or straight,,,,,,,,White,,
,,,,,North America,,,,0,male,Heterosexual or straight,,,,,,,,White,,
,,Asia,,,,,,,0,Male,Heterosexual or straight,,,Asian,,,,,,,
,,,,,North America,,,,0,Sayian,Heterosexual or straight,,,Asian,,,,,,,
,,,,,North America,,,,0,,Heterosexual or straight,,,,,,,,White,,
,,,,Europe,,,,,0,,Heterosexual or straight,,,,,,,,White,,
,,,,,North America,,,,0,M,Heterosexual or straight,,,,,,,,White,,
,,,,,North America,,,,0,Male,Heterosexual or straight,,,,,,,,White,,
,,,,Europe,,,,,0,Male,Heterosexual or straight,,,,,"Hispanic, Latino, or Spanish origin",,,,,
,,,,,North America,,,,0,Apache AH-64 Attack Helicopter (transitioned from M1 Abrams battle tank),,Attracted to Martians,American Indian or Alaska Native,,,,,,,,
,,,,,North America,,,,0,Male,Heterosexual or straight,,,,,,,,White,,
,,,,,,,,,,,,,,,,,,,,,
,,,,,North America,,,,0,Male,Heterosexual or straight,,,,,,,,White,,
,,,,Europe,,,,,0,M,Heterosexual or straight,,,,,,,,White,,
,,,,,North America,,,,0,Male,Heterosexual or straight,,,,,,,,White,,
,,,,Europe,,,,,,Male,Heterosexual or straight,,,,,,,,White,,
,,,,,North America,,,,0,Male,Heterosexual or straight,,,,,,,,White,,
,,,,,North America,,,,0,Male,Heterosexual or straight,,,,,,,,White,,
,,,,,North America,,,,0,M,Heterosexual or straight,,,,,,,,White,,
,,,,,North America,,,,0,Male,Heterosexual or straight,,,Asian,,,,,,,
,,,,,North America,,,,0,Male,Heterosexual or straight,,,,,,,,White,,
,,,,,North America,,,,0,Male,Heterosexual or straight,,,,,,,,White,,
,,,,Europe,,,,,0,Male,Heterosexual or straight,,,,,,,,White,,
,,,,,,,,,,,,,,,,,,,,,
,,,,,North America,,,,0,Male,Heterosexual or straight,,,,,,Middle Eastern or North African,,,,
,,,,Europe,,,,,0,Male,Heterosexual or straight,,,,,"Hispanic, Latino, or Spanish origin",,,,,
,,,,Europe,,,,,0,male,Heterosexual or straight,,,,,,,,White,,
,,,,,North America,,,,0,male,LBGTQIA+,,,,,,,,White,,
,,,,,North America,,,,0,Male,Heterosexual or straight,,,,,,,,White,,
,,,,,North America,,,,0,Male,Heterosexual or straight,,,,,,,,White,,
,,,,,,,,India,0,Male,Prefer not to answer,,,,,,,,,,Prefer not the answer
,,,,,North America,,,,0,Male,Heterosexual or straight,,,,,"Hispanic, Latino, or Spanish origin",,,,,
,,,,Europe,,,,,0,Male,Heterosexual or straight,,,,,,,,White,,
,,Asia,,,,,,,0,heterosexual,Heterosexual or straight,,,Asian,,,,,,,
,,,,Europe,,,,,0,Male,Heterosexual or straight,,,,,,,,,"Some other race, ethnicity, or origin",
,,,,Europe,,,,,0,,Heterosexual or straight,,,Asian,,,,,White,,
,,,,,North America,,,,0,Male,Heterosexual or straight,,,,,,,,White,,
,,,,Europe,,,,,0,male,Heterosexual or straight,,,,,,,,White,,
,,,,Europe,,,,,0,Male,Heterosexual or straight,,,,,,,,White,,
,,,,,North America,,,,0,Male,Heterosexual or straight,,,,,,,,White,,
,,Asia,,,,,,,0,Male,Prefer not to answer,,American Indian or Alaska Native,,,,,,,,
,,,,Europe,,,,,1,male,Heterosexual or straight,,,,,,,,White,,
,,,,,,,South America,,0,Male,Heterosexual or straight,,,,,,,,White,,
,,,,,North America,,,,0,,,,,,,,,,,,
,,,,Europe,,,,,0,Male,Heterosexual or straight,,,,,,,,White,,
,,,,,,,South America,,0,masculine,Heterosexual or straight,,,,,"Hispanic, Latino, or Spanish origin",,,White,,
,,,,,North America,,,,0,Male,Prefer not to answer,,,,,,,,White,,
,,,,,North America,,,,0,Male,Heterosexual or straight,,,,,,,,White,,
,,,Oceania,,,,,,0,WTF,Heterosexual or straight,,,,,,,,,,Prefer not the answer
,,,Oceania,,,,,,0,,,,,,,,,,,,
,,,Oceania,,,,,,0,Male,Heterosexual or straight,,,,,,,,White,,
,,,,Europe,,,,,0,Male,Heterosexual or straight,,,,,,,,White,,
,,,,,North America,,,,0,M,Heterosexual or straight,,,,,,,,White,,
,,Asia,,,,,,,0,Male,Heterosexual or straight,,,Asian,,,,,,,
,,,,,North America,,,,0,Female,Heterosexual or straight,,,,,,,,White,,
,,,,Europe,,,,,,,Prefer not to answer,,,,,,,,,,Prefer not the answer
,,,,,North America,,,,0,male,Heterosexual or straight,,,,,,,,White,,
,,,,,North America,,,,0,M,Heterosexual or straight,,,,,,,,White,,
,,,,Europe,,,,,0,Male,Prefer not to answer,,,,,,Middle Eastern or North African,,,,
,,,,Europe,,,,,0,m,Heterosexual or straight,,,,,,,,White,,
,,,,Europe,,,,,0,Male,Heterosexual or straight,,,,Black or African American,,,,,,
,,,,,North America,,,,0,male,Heterosexual or straight,,,,,,,,White,,
,,Asia,,,,,,,0,male,Heterosexual or straight,,,Asian,,,,,,,
,,,,Europe,,,,,0,Male,Heterosexual or straight,,,,,,,,White,,
,,,,,North America,,,,0,Male,Heterosexual or straight,,,,,,,,White,,
,,Asia,,,,,,,0,,Prefer not to answer,,,Asian,,,,,,,
,,,,,North America,,,,0,,,,,,,,,,,,
,,,,,North America,,,,0,Man,Heterosexual or straight,,,,,,,,White,,
,,,,,North America,,,,0,M,Heterosexual or straight,,,,,,,,White,,
,,,,,North America,,,,0,Male,Heterosexual or straight,,,,,,,,White,,
,,,,Europe,,,,,0,,Heterosexual or straight,,,,,,,,,,
,,,,Europe,,,,,0,male,Heterosexual or straight,,,,,,,,White,,
,,,,,North America,,,,0,m,Heterosexual or straight,,,Asian,,,,,,,
,,,,Europe,,,,,0,Male,Heterosexual or straight,,,,,,,,White,,
,,Asia,,,,,,,0,,Heterosexual or straight,,,Asian,,,,,,,
,,,,,North America,,,,0,Male,Heterosexual or straight,,,,,,,,White,,
,,,,,North America,,,,0,,,,,,,,,,,,
,,,,,North America,,,,0,woman,Heterosexual or straight,,,,,,,,White,,
,,,,,North America,,,,0,Male,Heterosexual or straight,,,,,,,,White,,
,,,,Europe,,,,,0,female,Heterosexual or straight,,,,Black or African American,,,,White,,
,,,,Europe,,,,,0,male,Heterosexual or straight,,,,,,,,White,,
,,Asia,,,,,,,0,male,Heterosexual or straight,,,Asian,,,,,,,
,,,,,North America,,,,0,Male,Heterosexual or straight,,,,,,,,White,,
,,,,Europe,,,,,0,Male,Heterosexual or straight,,,,,,,,White,,
,,Asia,,,,,,,0,F,Heterosexual or straight,,,Asian,,,,,,,
,,,,,North America,,,,0,Man,Heterosexual or straight,,,Asian,,,,,,,
,,,,,North America,,,My team are in the Philippines,0,Male,Heterosexual or straight,,,,,,,,White,,
,,,,Europe,,,,,,,,,,,,,,,,,
,,Asia,,,,,,,0,Male,Heterosexual or straight,,,Asian,,,,,,,
,,,,Europe,,,,,0,male,Heterosexual or straight,,,,,,,,White,,
,,,,,North America,,,,0,Male,Heterosexual or straight,,,,,,,,White,,
,,,,Europe,,,,,0,Male,Heterosexual or straight,,,,,,,,White,,
,,,,,,,South America,,0,male,Heterosexual or straight,,,,,"Hispanic, Latino, or Spanish origin",,,,,
,,,,Europe,,,,,0,Male,Heterosexual or straight,,,,,,,,White,,
,,,,Europe,,,,,0,male,Heterosexual or straight,,,,,,,,White,,
,,,,,North America,,,,0,Male,Heterosexual or straight,,,,,,,,White,,
,,,,,North America,,,,0,Male,Heterosexual or straight,,,,,"Hispanic, Latino, or Spanish origin",,,White,,
,,,,,,,,,,,,,,,,,,,,,
,,,,Europe,,,,,0,Male,Heterosexual or straight,,,,,,,,White,,
,,,,,North America,,,,0,doesn't matter,,doesn't matter,,,,,,,,,Prefer not the answer
,,,,,North America,,,,0,Male,Heterosexual or straight,,,,,,,,White,"Some other race, ethnicity, or origin",
,,,,Europe,,,,,0,Male,Heterosexual or straight,,,,,,,,White,,
,,,,Europe,,,,,0,Man,Heterosexual or straight,,,,,,,,White,,
,,,,,North America,,,,0,Male,Heterosexual or straight,,,,,,,,White,,
,,,,,North America,,,,0,Male,Heterosexual or straight,,,Asian,,,,,,,
,,,,Europe,,,,,0,male,Heterosexual or straight,,,,,,,,White,,
,,,,,,,,,,,,,,,,,,,,,
,,,,,North America,,,,0,Male,Heterosexual or straight,,,Asian,,,,,,,
,,,,Europe,,,,,0,,Heterosexual or straight,,,,,,,,White,,
,,,,,North America,,,,,male,Heterosexual or straight,,,,,,,,White,,
,,,,Europe,,,,,0,Male,Heterosexual or straight,,,,,,,,White,,
,,,,Europe,,,,,0,Male,Heterosexual or straight,,,,,,,,White,,
,,,,,North America,,,,0,Male,Heterosexual or straight,,,,,,,,White,,
,,,,Europe,,,,,0,male,Heterosexual or straight,,,,,,,,White,,
,,,,,,,,,,,,,,,,,,,,,
,,,,,North America,,,,0,Male,Heterosexual or straight,,,,,,,,White,,
,,Asia,,,,,,,0,Male,Heterosexual or straight,,,Asian,,,,,,,
,,,,,North America,,,,0,Male,Heterosexual or straight,,,,,,,,White,,
,,,,Europe,,,,,0,Male,Heterosexual or straight,,,,,,,,White,,
,,,,,North America,,,,0,Female,Heterosexual or straight,,,Asian,,,,,,,
,,,,,North America,,,,0,male,Heterosexual or straight,,,,,,,,White,,
,,,,,North America,,,,0,female,Heterosexual or straight,,,,,,,,White,,
,,,,,North America,,,,0,Male,Heterosexual or straight,,,,,,,,White,,
,,Asia,,,,,,,0,Male,Heterosexual or straight,,,Asian,,,,,,,
,,,,,North America,,,,0,Male,Heterosexual or straight,,,Asian,,,,,,,
,,,,,,,South America,,0,Male,Heterosexual or straight,,,,,,,,White,,
,,,,Europe,,,,,0,Male,Prefer not to answer,,,,,,,,White,,
,,,Oceania,,,,,,0,Male,Heterosexual or straight,,,,,,,,White,,
,,,Oceania,,,,,,0,Male,Heterosexual or straight,,,,,,,,White,,
,,,,Europe,North America,,,,0,Male,Heterosexual or straight,,,Asian,,,,,,,
,,,,,North America,,,,0,Male,Heterosexual or straight,,,,,,,,White,,
,,Asia,,,,,,,0,Male,Prefer not to answer,,,Asian,,,,,,,
,,,,,North America,,,,0,male,Heterosexual or straight,,,,,,,,White,,
,,,,,North America,,,,0,Cis Male,Heterosexual or straight,,,,,,,,White,,
,,,,,,,South America,,0,male,Heterosexual or straight,,,,,,,,White,,